City_ID,City,Lat,Lng,Max Temp,Humidity,Cloudiness,Wind Speed,Country,Date
0,San Vicente,-26.6167,-54.1333,57.45,99,98,1.63,AR,2022-09-20 04:26:28
1,Rikitea,-23.1203,-134.9692,73.11,77,6,14.65,PF,2022-09-20 04:26:28
2,Coos Bay,43.3665,-124.2179,56.23,100,0,0.0,US,2022-09-20 04:21:33
3,Cape Town,-33.9258,18.4232,56.12,82,20,4.61,ZA,2022-09-20 04:26:29
4,East London,-33.0153,27.9116,54.54,94,40,9.22,ZA,2022-09-20 04:26:29
5,Hubli,15.35,75.1667,75.24,83,40,11.5,IN,2022-09-20 04:26:30
6,Ushuaia,-54.8,-68.3,38.86,87,0,4.61,AR,2022-09-20 04:26:30
7,Vaini,-21.2,-175.2,77.16,78,75,10.36,TO,2022-09-20 04:26:31
8,Talnakh,69.4865,88.3972,33.21,71,7,11.88,RU,2022-09-20 04:26:31
9,Olafsvik,64.8945,-23.7142,50.85,95,100,11.12,IS,2022-09-20 04:26:31
10,Saint Anthony,45.0205,-93.218,71.38,68,0,9.22,US,2022-09-20 04:26:32
11,Puerto Ayora,-0.7393,-90.3518,67.55,94,65,7.0,EC,2022-09-20 04:26:32
12,Nikolskoye,59.7035,30.7861,51.69,90,100,9.86,RU,2022-09-20 04:26:33
13,Verkh-Usugli,52.7,115.1667,50.4,45,100,10.09,RU,2022-09-20 04:26:33
14,Hithadhoo,-0.6,73.0833,82.33,71,67,7.25,MV,2022-09-20 04:26:34
15,Cabo San Lucas,22.8909,-109.9124,81.52,84,80,7.0,MX,2022-09-20 04:26:34
16,Bulgan,48.8125,103.5347,57.92,34,0,14.34,MN,2022-09-20 04:26:34
17,Geraldton,-28.7667,114.6,66.61,59,100,3.44,AU,2022-09-20 04:26:35
18,Tamandare,-8.7597,-35.1047,73.09,84,15,5.48,BR,2022-09-20 04:26:35
19,Pevek,69.7008,170.3133,33.57,76,53,4.47,RU,2022-09-20 04:26:36
20,Petropavlovka,50.6114,105.3196,60.66,40,59,6.67,RU,2022-09-20 04:26:36
21,Dickinson,29.4608,-95.0513,82.98,88,0,0.0,US,2022-09-20 04:26:37
22,Jamestown,42.097,-79.2353,65.79,73,0,6.91,US,2022-09-20 04:23:26
23,Zhob,31.3411,69.4481,77.49,39,0,2.42,PK,2022-09-20 04:26:38
24,Khatanga,71.9667,102.5,29.97,73,68,10.02,RU,2022-09-20 04:26:39
25,Evensk,61.95,159.2333,47.97,54,100,19.37,RU,2022-09-20 04:26:39
26,Bluff,-46.6,168.3333,52.72,83,85,10.29,NZ,2022-09-20 04:26:40
27,Avarua,-21.2078,-159.775,73.45,83,100,6.91,CK,2022-09-20 04:26:40
28,Borgo San Lorenzo,43.9553,11.3835,62.62,86,41,5.37,IT,2022-09-20 04:26:40
29,Sarh,9.1429,18.3923,71.51,94,20,10.36,TD,2022-09-20 04:26:41
30,San Cristobal,7.7669,-72.225,71.78,97,100,2.75,VE,2022-09-20 04:26:41
31,Georgetown,5.4112,100.3354,85.95,74,20,4.61,MY,2022-09-20 04:22:44
32,Faanui,-16.4833,-151.75,78.69,70,0,11.43,PF,2022-09-20 04:26:42
33,Tatawin,32.9297,10.4518,81.03,31,45,2.98,TN,2022-09-20 04:26:42
34,Owando,-0.4819,15.8999,69.13,98,63,2.91,CG,2022-09-20 04:26:43
35,Ambon,-3.6954,128.1814,87.94,66,20,6.91,ID,2022-09-20 04:26:43
36,Ritchie,-29.038,24.6028,40.21,70,38,16.98,ZA,2022-09-20 04:26:44
37,Camana,-16.6228,-72.7111,60.04,83,97,9.31,PE,2022-09-20 04:26:44
38,Leningradskiy,69.3833,178.4167,31.95,84,94,12.39,RU,2022-09-20 04:26:45
39,Provideniya,64.3833,-173.3,42.91,75,75,4.47,RU,2022-09-20 04:26:45
40,Dikson,73.5069,80.5464,33.15,69,100,2.66,RU,2022-09-20 04:26:45
41,Mar Del Plata,-38.0023,-57.5575,48.09,89,100,12.66,AR,2022-09-20 04:22:55
42,Shenjiamen,29.9576,122.298,73.13,64,0,21.88,CN,2022-09-20 04:26:46
43,Ust-Kuyga,70.0167,135.6,35.04,64,78,10.83,RU,2022-09-20 04:26:47
44,Hasaki,35.7333,140.8333,72.0,83,100,26.66,JP,2022-09-20 04:26:47
45,Ostrovnoy,68.0531,39.5131,47.01,97,95,16.84,RU,2022-09-20 04:26:48
46,Longyearbyen,78.2186,15.6401,35.44,69,75,16.11,SJ,2022-09-20 04:27:49
47,Agogo,6.8,-1.0819,68.09,98,100,4.36,GH,2022-09-20 04:27:49
48,Pacific Grove,36.6177,-121.9166,63.01,92,100,5.99,US,2022-09-20 04:27:50
49,Butaritari,3.0707,172.7902,82.78,65,27,10.11,KI,2022-09-20 04:27:50
50,Albany,42.6001,-73.9662,63.95,95,15,5.32,US,2022-09-20 04:27:51
51,Airai,-8.9266,125.4092,75.31,52,65,5.64,TL,2022-09-20 04:27:51
52,Ponta Do Sol,32.6667,-17.1,70.72,84,34,3.94,PT,2022-09-20 04:27:52
53,Upernavik,72.7868,-56.1549,32.7,89,100,4.9,GL,2022-09-20 04:27:52
54,Kapaa,22.0752,-159.319,84.18,70,20,16.11,US,2022-09-20 04:27:53
55,Hanmer Springs,-42.5167,172.8167,58.15,61,44,7.07,NZ,2022-09-20 04:27:53
56,Keetmanshoop,-26.5833,18.1333,42.4,55,0,2.24,NA,2022-09-20 04:27:53
57,Wichian Buri,15.6578,101.106,81.45,80,99,8.37,TH,2022-09-20 04:27:54
58,Tombouctou,20.0,-3.0,90.32,17,41,4.52,ML,2022-09-20 04:27:54
59,Teacapan,22.55,-105.75,80.62,83,88,7.99,MX,2022-09-20 04:27:55
60,Salalah,17.0151,54.0924,80.69,83,75,4.61,OM,2022-09-20 04:27:55
61,Tiksi,71.6872,128.8694,35.11,94,100,9.89,RU,2022-09-20 04:27:55
62,Lavrentiya,65.5833,-171.0,41.02,72,100,5.95,RU,2022-09-20 04:27:56
63,Governador Dix-Sept Rosado,-5.4577,-37.5209,72.81,60,29,6.04,BR,2022-09-20 04:27:56
64,Punta Arenas,-53.15,-70.9167,37.51,81,0,10.36,CL,2022-09-20 04:27:57
65,Morondava,-20.2833,44.2833,73.63,69,0,1.97,MG,2022-09-20 04:27:57
66,Hobart,-42.8794,147.3294,62.26,55,75,8.05,AU,2022-09-20 04:27:58
67,Clyde River,70.4692,-68.5914,32.23,93,100,10.36,CA,2022-09-20 04:27:58
68,Yellowknife,62.456,-114.3525,45.12,76,75,4.61,CA,2022-09-20 04:27:59
69,Gambiran,-6.7988,111.4951,88.27,48,100,4.74,ID,2022-09-20 04:27:59
70,Kazanka,47.8462,32.8218,52.9,58,88,6.15,UA,2022-09-20 04:27:59
71,Esperance,-33.8667,121.9,61.57,67,85,16.11,AU,2022-09-20 04:28:00
72,Berdigestyakh,62.0989,126.6992,41.45,55,41,3.98,RU,2022-09-20 04:28:00
73,Atuona,-9.8,-139.0333,77.02,76,11,19.01,PF,2022-09-20 04:28:01
74,Kloulklubed,7.0419,134.2556,88.3,73,94,7.25,PW,2022-09-20 04:28:01
75,Sao Filipe,14.8961,-24.4956,78.01,77,44,9.15,CV,2022-09-20 04:28:02
76,Bonga,7.2833,36.2333,58.35,99,98,2.13,ET,2022-09-20 04:28:02
77,Kpandu,6.9954,0.2931,72.54,94,100,4.97,GH,2022-09-20 04:28:03
78,Rognan,67.0953,15.3878,46.89,92,90,4.76,NO,2022-09-20 04:28:03
79,New Norfolk,-42.7826,147.0587,61.92,61,67,3.0,AU,2022-09-20 04:28:04
80,San Policarpo,12.1791,125.5072,88.09,61,100,4.5,PH,2022-09-20 04:28:04
81,Mataura,-46.1927,168.8643,57.25,66,100,4.34,NZ,2022-09-20 04:28:05
82,Taoudenni,22.6783,-3.9836,91.9,20,18,16.11,ML,2022-09-20 04:28:06
83,Wenling,28.3669,121.36,77.97,53,0,16.33,CN,2022-09-20 04:28:06
84,San Patricio,28.017,-97.5169,87.84,71,0,9.01,US,2022-09-20 04:23:08
85,Bengkulu,-3.8004,102.2655,82.22,72,97,4.94,ID,2022-09-20 04:28:07
86,Victor Harbor,-35.5667,138.6167,63.68,75,100,11.39,AU,2022-09-20 04:28:08
87,Arraial Do Cabo,-22.9661,-42.0278,67.98,80,32,22.73,BR,2022-09-20 04:28:08
88,Gatehouse Of Fleet,54.882,-4.1843,55.08,86,100,3.51,GB,2022-09-20 04:28:09
89,Thompson,55.7435,-97.8558,51.96,93,75,3.44,CA,2022-09-20 04:28:09
90,Tsogni,-2.7942,10.0988,73.78,90,97,4.99,GA,2022-09-20 04:28:10
91,Senador Jose Porfirio,-2.5908,-51.9542,77.31,68,69,2.01,BR,2022-09-20 04:29:11
92,Inuvik,68.3499,-133.7218,45.46,65,40,9.22,CA,2022-09-20 04:29:11
93,Victoria,22.2855,114.1577,94.17,73,7,11.01,HK,2022-09-20 04:24:21
94,Isangel,-19.55,169.2667,79.3,75,7,12.8,VU,2022-09-20 04:29:12
95,Buraydah,26.326,43.975,84.65,13,82,5.59,SA,2022-09-20 04:29:12
96,Nyrob,60.733,56.7202,59.68,94,99,10.16,RU,2022-09-20 04:29:13
97,College,64.8569,-147.8028,51.78,85,75,5.75,US,2022-09-20 04:29:14
98,Panara,22.0667,78.55,77.59,76,38,11.3,IN,2022-09-20 04:29:14
99,Barrow,71.2906,-156.7887,41.02,87,0,6.91,US,2022-09-20 04:29:15
100,Saint-Philippe,-21.3585,55.7679,72.99,82,39,13.38,RE,2022-09-20 04:29:15
101,Gonen,40.1049,27.654,59.02,41,18,2.35,TR,2022-09-20 04:29:16
102,Otofuke,42.9917,143.2003,63.55,71,99,9.31,JP,2022-09-20 04:29:17
103,Kabo,7.6994,18.629,70.07,98,94,2.55,CF,2022-09-20 04:29:18
104,Kalabo,-14.97,22.6814,67.86,60,17,5.84,ZM,2022-09-20 04:29:18
105,Khorixas,-20.3667,14.9667,53.6,24,0,7.7,NA,2022-09-20 04:29:18
106,Codrington,-38.2667,141.9667,63.03,66,100,13.98,AU,2022-09-20 04:29:19
107,Chumikan,54.7183,135.315,45.77,46,100,19.22,RU,2022-09-20 04:29:19
108,Kodiak,57.79,-152.4072,54.91,76,20,10.36,US,2022-09-20 04:29:20
109,Anadyr,64.75,177.4833,45.1,61,20,13.42,RU,2022-09-20 04:29:20
110,Aripuana,-9.1667,-60.6333,77.85,65,53,1.61,BR,2022-09-20 04:29:21
111,Lompoc,34.6391,-120.4579,68.14,95,20,1.01,US,2022-09-20 04:25:00
112,Safford,32.834,-109.7076,84.11,54,20,4.61,US,2022-09-20 04:29:21
113,North Bend,43.4065,-124.2243,56.16,100,0,0.0,US,2022-09-20 04:29:22
114,Goderich,43.7501,-81.7165,68.92,82,1,8.05,CA,2022-09-20 04:29:22
115,Katsuura,35.1333,140.3,79.54,86,100,21.52,JP,2022-09-20 04:29:23
116,Busselton,-33.65,115.3333,61.07,81,100,16.37,AU,2022-09-20 04:29:23
117,Cedar City,37.6775,-113.0619,65.39,36,0,5.75,US,2022-09-20 04:29:25
118,Torbay,47.6666,-52.7314,50.29,93,100,4.61,CA,2022-09-20 04:29:25
119,Tuktoyaktuk,69.4541,-133.0374,41.0,93,20,5.75,CA,2022-09-20 04:29:25
120,Lorengau,-2.0226,147.2712,84.43,70,62,8.81,PG,2022-09-20 04:29:26
121,Leshukonskoye,64.8989,45.7622,47.93,92,57,8.75,RU,2022-09-20 04:29:26
122,Bathsheba,13.2167,-59.5167,81.21,89,75,12.66,BB,2022-09-20 04:29:27
123,Auki,-8.7676,160.7034,82.18,75,66,4.14,SB,2022-09-20 04:29:27
124,Mount Gambier,-37.8333,140.7667,63.75,56,100,11.61,AU,2022-09-20 04:29:28
125,Chokurdakh,70.6333,147.9167,41.74,45,100,15.57,RU,2022-09-20 04:29:28
126,Saint-Augustin,51.226,-58.6502,40.82,71,3,5.41,CA,2022-09-20 04:29:28
127,Inhambane,-23.865,35.3833,75.18,88,20,9.22,MZ,2022-09-20 04:29:29
128,Koulikoro,14.0,-7.75,75.92,79,100,0.18,ML,2022-09-20 04:29:29
129,Buchanan,5.8808,-10.0467,74.82,89,73,6.8,LR,2022-09-20 04:29:30
130,Aktash,50.3,87.7333,51.13,28,47,3.0,RU,2022-09-20 04:29:30
131,Formosa Do Rio Preto,-11.0483,-45.1931,78.39,49,94,3.8,BR,2022-09-20 04:29:31
132,Tynda,55.1667,124.7167,48.79,49,27,8.46,RU,2022-09-20 04:29:31
133,Bethel,41.3712,-73.414,66.65,89,20,3.44,US,2022-09-20 04:29:31
134,Cabedelo,-6.9811,-34.8339,72.27,83,54,12.21,BR,2022-09-20 04:30:32
135,Pitimbu,-7.4706,-34.8086,72.19,81,72,10.89,BR,2022-09-20 04:30:32
136,Bilma,18.6853,12.9164,87.82,41,23,5.61,NE,2022-09-20 04:30:33
137,Araouane,18.9048,-3.5265,92.25,30,92,8.1,ML,2022-09-20 04:30:33
138,Rosetta,31.4044,30.4164,77.79,66,24,5.12,EG,2022-09-20 04:30:34
139,Goundi,9.3627,17.366,72.28,93,98,2.01,TD,2022-09-20 04:30:34
140,Vuktyl,63.8567,57.3094,61.29,85,100,14.97,RU,2022-09-20 04:30:35
141,Rawson,-43.3002,-65.1023,45.99,97,100,7.07,AR,2022-09-20 04:30:35
142,Souillac,-20.5167,57.5167,71.98,78,40,13.8,MU,2022-09-20 04:30:35
143,Antalaha,-14.9003,50.2788,72.73,74,37,7.4,MG,2022-09-20 04:30:36
144,Cherskiy,68.75,161.3,46.58,34,24,11.79,RU,2022-09-20 04:30:36
145,Miguel Hidalgo,19.4225,-99.2028,62.01,74,75,13.8,MX,2022-09-20 04:30:37
146,Severo-Kurilsk,50.6789,156.125,60.67,94,100,21.72,RU,2022-09-20 04:30:37
147,Cascais,38.6979,-9.4215,74.93,93,80,8.01,PT,2022-09-20 04:30:38
148,Port Alfred,-33.5906,26.891,55.18,96,99,1.99,ZA,2022-09-20 04:30:38
149,Mount Isa,-20.7333,139.5,91.17,33,75,10.36,AU,2022-09-20 04:30:38
150,Sibolga,1.7427,98.7792,86.31,60,91,6.02,ID,2022-09-20 04:30:39
151,Rincon,32.296,-81.2354,74.86,95,0,0.0,US,2022-09-20 04:30:39
152,Haines Junction,60.7522,-137.5108,46.35,76,93,1.14,CA,2022-09-20 04:30:40
153,Carnarvon,-24.8667,113.6333,69.12,44,0,17.47,AU,2022-09-20 04:30:40
154,Mount Pleasant,32.7941,-79.8626,73.99,97,0,0.0,US,2022-09-20 04:29:27
155,Hilo,19.7297,-155.09,79.29,92,100,4.61,US,2022-09-20 04:27:13
156,Matara,5.9485,80.5353,84.76,68,98,12.53,LK,2022-09-20 04:30:41
157,Kumta,14.4167,74.4,81.5,70,99,2.44,IN,2022-09-20 04:30:41
158,Itacare,-14.2775,-38.9967,71.96,85,100,6.6,BR,2022-09-20 04:30:42
159,Soyo,-6.1349,12.3689,72.82,90,34,7.23,AO,2022-09-20 04:30:42
160,Puerto Escondido,15.85,-97.0667,76.03,60,100,3.44,MX,2022-09-20 04:30:43
161,Nanchang,28.6833,115.8833,86.68,27,13,13.78,CN,2022-09-20 04:30:43
162,Alofi,-19.0595,-169.9187,78.69,78,70,14.97,NU,2022-09-20 04:28:47
163,Necochea,-38.5473,-58.7368,44.33,73,84,15.66,AR,2022-09-20 04:30:44
164,Hermanus,-34.4187,19.2345,51.8,78,42,4.88,ZA,2022-09-20 04:30:44
165,Trimbak,19.9333,73.55,71.56,85,95,7.09,IN,2022-09-20 04:30:44
166,Zaragoza,41.6561,-0.8773,65.01,40,20,12.66,ES,2022-09-20 04:30:45
167,Lagoa,39.05,-27.9833,72.86,87,26,6.73,PT,2022-09-20 04:30:46
168,Ramhormoz,31.28,49.6035,93.33,17,8,4.76,IR,2022-09-20 04:30:46
169,Mineiros,-17.5694,-52.5511,71.04,72,83,5.64,BR,2022-09-20 04:30:46
170,Sept-Iles,50.2001,-66.3821,39.2,99,0,4.61,CA,2022-09-20 04:30:47
171,Wattegama,6.7989,81.4808,93.52,40,89,6.13,LK,2022-09-20 04:30:47
172,Santa Vitoria,-18.8386,-50.1214,75.72,66,73,3.6,BR,2022-09-20 04:30:48
173,La Rochelle,46.1667,-1.15,55.94,81,0,6.91,FR,2022-09-20 04:30:48
174,Chateau-Thierry,49.05,3.4,43.36,86,1,3.69,FR,2022-09-20 04:30:49
175,Terrace,54.5163,-128.6035,62.51,48,40,13.8,CA,2022-09-20 04:30:49
176,Fairbanks,64.8378,-147.7164,51.8,86,100,5.75,US,2022-09-20 04:30:02
177,Ahipara,-35.1667,173.1667,61.09,88,100,9.26,NZ,2022-09-20 04:30:50
178,Cidreira,-30.1811,-50.2056,59.56,97,100,5.95,BR,2022-09-20 04:30:50
179,Fereydunshahr,32.941,50.121,66.36,27,5,4.03,IR,2022-09-20 04:30:51
180,Neyshabur,36.2133,58.7958,74.37,23,0,2.3,IR,2022-09-20 04:30:51
181,Castro,-24.7911,-50.0119,54.95,98,100,6.44,BR,2022-09-20 04:31:52
182,Saskylakh,71.9167,114.0833,33.06,75,86,15.59,RU,2022-09-20 04:31:52
183,Praia Da Vitoria,38.7333,-27.0667,71.85,94,20,2.82,PT,2022-09-20 04:31:53
184,Beringovskiy,63.05,179.3167,42.93,62,100,2.8,RU,2022-09-20 04:31:53
185,Constitucion,-35.3333,-72.4167,45.43,80,98,11.43,CL,2022-09-20 04:31:53
186,Kavieng,-2.5744,150.7967,83.64,70,97,10.58,PG,2022-09-20 04:31:54
187,Bundu,23.1833,85.5833,77.22,89,86,9.51,IN,2022-09-20 04:31:54
188,Port Elizabeth,-33.918,25.5701,54.32,84,40,8.05,ZA,2022-09-20 04:30:40
189,Bereda,43.2686,-7.5406,58.57,100,18,2.77,ES,2022-09-20 04:31:55
190,Rosario Do Sul,-30.2583,-54.9142,54.5,94,21,5.95,BR,2022-09-20 04:31:55
191,Erzin,36.9559,36.2,75.16,75,4,1.66,TR,2022-09-20 04:31:56
192,Klaksvik,62.2266,-6.589,52.72,93,100,17.87,FO,2022-09-20 04:31:56
193,Rawa Mazowiecka,51.7644,20.2549,48.49,92,100,7.67,PL,2022-09-20 04:31:57
194,Christchurch,-43.5333,172.6333,67.32,48,40,8.05,NZ,2022-09-20 04:29:07
195,Tuyen Quang,21.8233,105.2181,94.28,53,49,1.32,VN,2022-09-20 04:31:58
196,Coahuayana,18.7333,-103.6833,74.35,92,97,3.47,MX,2022-09-20 04:31:59
197,Beyneu,45.3167,55.2,72.82,18,0,11.97,KZ,2022-09-20 04:32:00
198,Lebu,-37.6167,-73.65,43.41,84,5,8.37,CL,2022-09-20 04:32:00
199,Maniitsoq,65.4167,-52.9,39.4,94,83,10.36,GL,2022-09-20 04:32:00
200,Hakkari,37.5833,44.1667,44.38,57,0,2.3,TR,2022-09-20 04:32:01
201,San Pedro,14.35,121.0167,81.36,89,75,4.61,PH,2022-09-20 04:32:01
202,Narsaq,60.9167,-46.05,41.22,87,49,2.93,GL,2022-09-20 04:32:02
203,Kaitangata,-46.2817,169.8464,53.17,85,100,3.38,NZ,2022-09-20 04:32:02
204,Lokosovo,61.1333,74.8167,53.42,60,51,4.25,RU,2022-09-20 04:32:03
205,Naze,28.3667,129.4833,85.12,82,93,17.81,JP,2022-09-20 04:32:03
206,Prince Rupert,54.3161,-130.3201,56.89,84,0,6.91,CA,2022-09-20 04:32:04
207,Comodoro Rivadavia,-45.8667,-67.5,37.26,93,100,14.97,AR,2022-09-20 04:27:54
208,Ondjiva,-17.0667,15.7333,56.5,26,0,7.43,AO,2022-09-20 04:32:05
209,Severo-Yeniseyskiy,60.3725,93.0408,42.22,92,99,12.17,RU,2022-09-20 04:32:05
210,Korla,41.7597,86.1469,80.74,13,24,3.47,CN,2022-09-20 04:32:05
211,Faya,18.3851,42.4509,64.51,39,94,4.05,SA,2022-09-20 04:32:06
212,Hofn,64.2539,-15.2082,50.38,92,97,5.26,IS,2022-09-20 04:32:06
213,Hambantota,6.1241,81.1185,88.14,70,40,13.8,LK,2022-09-20 04:32:08
214,Basco,20.4487,121.9702,82.11,70,100,16.22,PH,2022-09-20 04:32:08
215,Muzhi,65.3667,64.6667,46.58,98,100,14.2,RU,2022-09-20 04:32:09
216,Husavik,66.0449,-17.3389,52.29,92,94,2.44,IS,2022-09-20 04:32:10
217,Chegutu,-18.1302,30.1407,71.08,29,0,8.93,ZW,2022-09-20 04:32:10
218,Avera,33.194,-82.5271,67.55,60,0,3.98,US,2022-09-20 04:32:11
219,Tvrdosin,49.337,19.556,48.49,98,100,2.68,SK,2022-09-20 04:32:11
220,Westport,41.1415,-73.3579,71.02,90,0,4.61,US,2022-09-20 04:30:55
221,Nome,64.5011,-165.4064,42.87,82,100,13.8,US,2022-09-20 04:32:12
222,Tasiilaq,65.6145,-37.6368,44.76,99,100,4.7,GL,2022-09-20 04:32:13
223,Laguna,38.421,-121.4238,65.1,91,100,4.61,US,2022-09-20 04:29:02
224,Khandyga,62.6667,135.6,40.66,59,100,7.72,RU,2022-09-20 04:32:13
225,Yumen,40.2833,97.2,73.45,28,0,11.65,CN,2022-09-20 04:32:14
226,Shieli,44.1667,66.75,81.88,14,0,16.15,KZ,2022-09-20 04:32:14
227,Pahrump,36.2083,-115.9839,79.32,20,0,1.99,US,2022-09-20 04:33:15
228,Belz,47.6751,-3.168,59.09,88,0,7.11,FR,2022-09-20 04:33:15
229,Tura,25.5198,90.2201,85.01,66,19,5.44,IN,2022-09-20 04:33:16
230,Kruisfontein,-34.0033,24.7314,48.34,71,5,6.31,ZA,2022-09-20 04:33:16
231,Sao Gabriel Da Cachoeira,-0.1303,-67.0892,72.61,95,47,1.07,BR,2022-09-20 04:33:17
232,Siderno,38.2779,16.302,64.33,56,68,6.4,IT,2022-09-20 04:33:17
233,Grindavik,63.8424,-22.4338,51.75,100,100,11.5,IS,2022-09-20 04:29:13
234,Port Blair,11.6667,92.75,86.04,66,40,13.8,IN,2022-09-20 04:33:18
235,Menongue,-14.6585,17.691,57.45,33,4,3.38,AO,2022-09-20 04:33:18
236,Ribeira Grande,38.5167,-28.7,74.01,86,22,4.21,PT,2022-09-20 04:33:19
237,Mizdah,31.4451,12.9801,78.78,20,4,6.51,LY,2022-09-20 04:33:19
238,Asau,46.4333,26.4,42.28,81,68,5.59,RO,2022-09-20 04:33:20
239,Maarianhamina,60.0973,19.9348,49.86,87,100,12.66,AX,2022-09-20 04:33:20
240,Namibe,-15.1961,12.1522,60.17,86,2,5.48,AO,2022-09-20 04:33:21
241,Chuchkovo,54.2693,41.4465,48.47,70,64,13.76,RU,2022-09-20 04:33:21
242,Chichimila,20.6167,-88.2167,72.97,99,8,1.86,MX,2022-09-20 04:33:22
243,Bowen,-20.0167,148.2333,78.28,73,93,10.11,AU,2022-09-20 04:33:23
244,Port Lincoln,-34.7333,135.8667,59.02,78,100,11.81,AU,2022-09-20 04:33:23
245,Rundu,-17.9333,19.7667,57.67,19,0,10.58,NA,2022-09-20 04:33:23
246,Vicksburg,32.3526,-90.8779,73.13,97,0,0.0,US,2022-09-20 04:33:06
247,La Peca,-5.6111,-78.435,69.21,77,99,3.85,PE,2022-09-20 04:33:24
248,Vostok,46.4856,135.8833,42.87,50,100,15.97,RU,2022-09-20 04:33:24
249,Bambous Virieux,-20.3428,57.7575,72.21,78,40,13.8,MU,2022-09-20 04:33:25
250,Ilulissat,69.2167,-51.1,35.62,93,100,0.0,GL,2022-09-20 04:33:26
251,Antri,26.0567,78.2144,87.93,57,6,4.47,IN,2022-09-20 04:33:27
252,Ambilobe,-13.2,49.05,79.2,46,1,7.23,MG,2022-09-20 04:33:27
253,Phalodi,27.1333,72.3667,91.98,36,0,11.61,IN,2022-09-20 04:33:28
254,Cuamba,-14.8031,36.5372,73.06,61,0,8.32,MZ,2022-09-20 04:33:28
255,Altay,47.8667,88.1167,70.57,12,0,5.66,CN,2022-09-20 04:33:28
256,Esfarayen,37.0765,57.5101,62.26,23,0,2.62,IR,2022-09-20 04:33:29
257,Asosa,10.0667,34.5333,64.09,90,89,0.94,ET,2022-09-20 04:33:29
258,Rocha,-34.4833,-54.3333,56.16,92,84,6.46,UY,2022-09-20 04:31:27
259,Watertown,42.3709,-71.1828,65.41,94,100,13.8,US,2022-09-20 04:29:03
260,Mahebourg,-20.4081,57.7,72.25,78,40,13.8,MU,2022-09-20 04:33:30
261,Kendal,54.3268,-2.7476,53.58,97,76,1.21,GB,2022-09-20 04:33:31
262,Antanifotsy,-19.65,47.3167,57.25,55,1,5.26,MG,2022-09-20 04:33:31
263,Santarem,-2.4431,-54.7083,75.33,100,0,3.44,BR,2022-09-20 04:33:31
264,Golden Gate,26.1879,-81.6951,77.02,76,0,6.91,US,2022-09-20 04:33:32
265,Prieska,-29.6641,22.7474,45.91,70,67,12.28,ZA,2022-09-20 04:33:32
266,Salihorsk,52.7876,27.5415,46.98,87,100,7.07,BY,2022-09-20 04:33:33
267,Vierzon,47.2101,2.0625,45.19,72,1,6.06,FR,2022-09-20 04:33:33
268,Lazaro Cardenas,17.9583,-102.2,76.39,93,100,5.88,MX,2022-09-20 04:33:34
269,Ayagoz,47.9714,80.4392,70.84,16,0,17.22,KZ,2022-09-20 04:33:34
270,Ratnagiri,16.9833,73.3,80.71,72,86,4.23,IN,2022-09-20 04:33:35
271,San Jose,37.3394,-121.895,66.22,69,75,6.91,US,2022-09-20 04:33:35
272,Krumovgrad,41.4667,25.65,52.7,64,0,4.59,BG,2022-09-20 04:34:35
273,Yar-Sale,66.8333,70.8333,40.14,88,100,16.15,RU,2022-09-20 04:34:36
274,Manaure,11.7751,-72.4445,81.57,79,99,10.87,CO,2022-09-20 04:34:36
275,Tuatapere,-46.1333,167.6833,52.59,92,78,7.65,NZ,2022-09-20 04:34:37
276,Winnemucca,40.973,-117.7357,68.05,28,0,6.91,US,2022-09-20 04:34:37
277,Trinidad,-14.8333,-64.9,84.92,45,28,4.14,BO,2022-09-20 04:33:25
278,Byron Bay,-28.65,153.6167,73.94,63,9,11.9,AU,2022-09-20 04:34:38
279,Tecoanapa,16.5167,-98.75,77.31,89,100,2.39,MX,2022-09-20 04:34:38
280,Chuy,-33.6971,-53.4616,55.96,95,99,5.26,UY,2022-09-20 04:34:39
281,Dhekiajuli,26.7,92.5,88.16,71,90,6.73,IN,2022-09-20 04:34:39
282,Praya,14.9215,-23.5087,75.74,83,20,9.22,CV,2022-09-20 04:34:40
283,Osa,57.2829,55.4567,62.42,88,100,11.54,RU,2022-09-20 04:34:40
284,Santa Rosalia,27.3167,-112.2833,81.07,77,99,5.28,MX,2022-09-20 04:34:40
285,Guerrero Negro,27.9769,-114.0611,69.6,79,74,13.06,MX,2022-09-20 04:34:41
286,El Espinal,16.3333,-94.0667,72.0,92,99,3.89,MX,2022-09-20 04:34:41
287,Ulety,51.3572,112.4849,58.98,40,98,11.48,RU,2022-09-20 04:34:42
288,Kahului,20.8947,-156.47,82.42,68,40,16.11,US,2022-09-20 04:33:15
289,Gasa,31.5,34.4667,69.87,67,11,1.7,PS,2022-09-20 04:34:42
290,Waipawa,-41.4122,175.5153,56.91,66,100,9.28,NZ,2022-09-20 04:34:43
291,Norman Wells,65.282,-126.8329,51.84,37,20,5.75,CA,2022-09-20 04:34:43
292,Aklavik,68.2191,-135.0107,45.32,69,8,5.68,CA,2022-09-20 04:34:44
293,Maragogi,-9.0122,-35.2225,73.26,83,31,5.57,BR,2022-09-20 04:34:44
294,Bredasdorp,-34.5322,20.0403,50.85,88,33,2.01,ZA,2022-09-20 04:34:45
295,Angoche,-16.2325,39.9086,76.17,70,2,9.42,MZ,2022-09-20 04:34:45
296,Banfora,10.6333,-4.7667,71.47,95,100,2.71,BF,2022-09-20 04:34:46
297,Jining,35.405,116.5814,67.66,50,100,3.51,CN,2022-09-20 04:34:46
298,Cayenne,4.9333,-52.3333,78.84,89,0,3.44,GF,2022-09-20 04:34:47
299,Ciudad Bolivar,8.1222,-63.5497,78.6,81,16,6.11,VE,2022-09-20 04:34:47
300,Barranca,-10.75,-77.7667,60.28,86,92,11.5,PE,2022-09-20 04:33:49
301,Gold Coast,-28.0,153.4333,81.45,77,1,20.71,AU,2022-09-20 04:34:48
302,Myre,69.1036,15.9492,40.95,62,50,10.94,NO,2022-09-20 04:34:48
303,Porto Novo,6.4965,2.6036,76.82,91,100,7.09,BJ,2022-09-20 04:34:49
304,Pine Bluff,34.2284,-92.0032,74.32,84,0,6.17,US,2022-09-20 04:34:49
305,Tambo,-14.8,-73.9167,31.42,44,16,2.19,PE,2022-09-20 04:34:50
306,Zaton,53.2936,83.8072,65.79,24,40,11.18,RU,2022-09-20 04:34:50
307,Havre-Saint-Pierre,50.2334,-63.5986,42.8,93,0,5.75,CA,2022-09-20 04:34:51
308,Aksu,41.1231,80.2644,77.72,29,6,0.85,CN,2022-09-20 04:34:52
309,Kainantu,-6.2887,145.8655,71.08,61,98,5.75,PG,2022-09-20 04:34:52
310,Aljezur,37.3191,-8.8033,67.57,93,29,2.82,PT,2022-09-20 04:34:52
311,Pirmasens,49.2015,7.6053,46.54,88,46,2.48,DE,2022-09-20 04:34:53
312,Talara,-4.5772,-81.2719,64.81,87,43,17.69,PE,2022-09-20 04:34:53
313,Samarai,-10.6167,150.6667,81.03,84,100,12.97,PG,2022-09-20 04:34:54
314,Houma,29.5958,-90.7195,77.0,92,0,0.0,US,2022-09-20 04:34:54
315,Buston,40.2342,69.6948,77.18,31,0,6.71,TJ,2022-09-20 04:34:55
316,Milton,34.1322,-84.3007,73.09,90,11,3.4,US,2022-09-20 04:34:31
317,Gat,31.61,34.7642,73.4,100,23,2.71,IL,2022-09-20 04:34:55
318,Vangaindrano,-23.35,47.6,70.25,82,87,4.79,MG,2022-09-20 04:35:56
319,Adre,13.4667,22.2,74.32,78,73,4.61,TD,2022-09-20 04:35:56
320,Coquimbo,-29.9533,-71.3436,51.53,81,0,3.44,CL,2022-09-20 04:33:17
321,Llanes,43.4198,-4.7549,63.91,64,0,4.9,ES,2022-09-20 04:35:57
322,Juneau,58.3019,-134.4197,55.22,93,100,0.0,US,2022-09-20 04:35:57
323,Umkomaas,-30.2067,30.7978,57.67,83,100,10.22,ZA,2022-09-20 04:35:58
324,Sabha,27.0377,14.4283,81.14,17,0,6.71,LY,2022-09-20 04:32:28
325,Nuuk,64.1835,-51.7216,39.81,100,100,5.75,GL,2022-09-20 04:35:59
326,Saint-Pierre,-21.3393,55.4781,73.08,60,100,18.41,RE,2022-09-20 04:35:59
327,Paamiut,61.994,-49.6678,40.03,93,59,14.65,GL,2022-09-20 04:36:00
328,Straumen,63.8709,11.2999,48.2,78,78,5.66,NO,2022-09-20 04:36:00
329,Anito,12.4497,125.2886,82.27,80,100,9.71,PH,2022-09-20 04:36:01
330,Quelimane,-17.8786,36.8883,71.55,78,0,11.5,MZ,2022-09-20 04:36:01
331,Bonoua,5.2741,-3.595,74.82,93,100,6.89,CI,2022-09-20 04:36:02
332,Oranjemund,-28.55,16.4333,49.84,80,0,7.47,NA,2022-09-20 04:36:02
333,Cam Ranh,11.9214,109.1591,87.76,70,20,6.91,VN,2022-09-20 04:36:03
334,Nemuro,43.3236,145.575,54.03,82,100,15.79,JP,2022-09-20 04:36:03
335,Quatre Cocos,-20.2078,57.7625,73.09,72,20,16.87,MU,2022-09-20 04:36:04
336,Marawi,7.9986,124.2928,83.95,56,39,4.59,PH,2022-09-20 04:36:04
337,Nizwa,22.9333,57.5333,87.4,41,0,3.47,OM,2022-09-20 04:36:05
338,Omsukchan,62.5333,155.8,38.91,56,100,11.68,RU,2022-09-20 04:36:05
339,Turukhansk,65.8167,87.9833,38.23,55,27,20.94,RU,2022-09-20 04:36:06
340,Tarakan,3.3,117.6333,87.3,70,40,5.75,ID,2022-09-20 04:36:07
341,Poum,-20.2333,164.0167,77.67,78,0,12.5,NC,2022-09-20 04:36:07
342,Chittur,10.7,76.75,83.75,68,96,11.21,IN,2022-09-20 04:36:08
343,Plouzane,48.3833,-4.6167,53.65,97,10,5.75,FR,2022-09-20 04:36:08
344,San Francisco Del Mar,16.2333,-94.65,79.09,85,98,9.98,MX,2022-09-20 04:36:09
345,Mancio Lima,-7.6142,-72.8958,75.27,94,0,3.44,BR,2022-09-20 04:36:09
346,Nelson Bay,-32.7167,152.15,70.09,68,47,15.99,AU,2022-09-20 04:36:10
347,Khartoum,15.5518,32.5324,80.02,75,100,4.0,SD,2022-09-20 04:36:10
348,Qaanaaq,77.484,-69.3632,20.05,58,94,8.3,GL,2022-09-20 04:36:11
349,Yarada,17.65,83.2667,77.32,100,100,2.3,IN,2022-09-20 04:36:11
350,Bubaque,11.2833,-15.8333,80.51,75,99,10.29,GW,2022-09-20 04:36:12
351,Saldanha,-33.0117,17.9442,46.45,86,0,4.18,ZA,2022-09-20 04:36:12
352,Alexandria,31.2156,29.9553,77.58,66,0,6.29,EG,2022-09-20 04:36:13
353,Ancud,-41.8697,-73.8203,41.23,87,28,2.33,CL,2022-09-20 04:36:13
354,Fort Portal,0.6617,30.2748,63.43,79,33,1.19,UG,2022-09-20 04:36:13
355,Mantua,45.1667,10.7833,61.75,77,2,3.0,IT,2022-09-20 04:36:14
356,Kasongo-Lunda,-6.4667,16.8167,72.72,92,100,0.09,CD,2022-09-20 04:36:15
357,Richards Bay,-28.783,32.0377,62.64,82,100,16.51,ZA,2022-09-20 04:36:15
358,Ulladulla,-35.35,150.4667,71.76,59,0,15.43,AU,2022-09-20 04:36:15
359,Dod Ballapur,13.2919,77.5431,80.71,61,94,12.5,IN,2022-09-20 04:36:16
360,Tazovskiy,67.4667,78.7,34.97,59,49,6.64,RU,2022-09-20 04:36:17
361,Ouesso,1.6136,16.0517,68.32,99,82,2.73,CG,2022-09-20 04:37:17
362,Lasa,46.6166,10.7002,38.35,64,8,5.46,IT,2022-09-20 04:37:18
363,Hami,42.8,93.45,81.32,12,71,8.41,CN,2022-09-20 04:37:18
364,Siquirres,10.0975,-83.5066,74.14,96,90,2.84,CR,2022-09-20 04:37:18
365,Sitka,57.0531,-135.33,57.09,82,0,3.44,US,2022-09-20 04:37:19
366,Salta,-24.7859,-65.4117,59.59,64,100,9.22,AR,2022-09-20 04:37:19
367,Bilibino,68.0546,166.4372,40.62,50,5,3.78,RU,2022-09-20 04:37:20
368,Biguacu,-27.4942,-48.6556,66.0,100,100,2.86,BR,2022-09-20 04:37:20
369,Scarborough,54.2797,-0.4044,54.66,85,96,1.01,GB,2022-09-20 04:34:48
370,Jinchang,38.4953,102.1739,64.6,48,0,8.46,CN,2022-09-20 04:37:22
371,Store Heddinge,55.3097,12.3889,49.68,78,11,12.01,DK,2022-09-20 04:37:22
372,Seoul,37.5683,126.9778,74.59,37,0,6.91,KR,2022-09-20 04:37:23
373,Kjopsvik,68.097,16.3742,33.67,81,68,1.23,NO,2022-09-20 04:37:23
374,Sao Joao Da Barra,-21.6403,-41.0511,68.63,75,36,13.73,BR,2022-09-20 04:37:23
375,Southbridge,42.0751,-72.0334,64.36,98,69,3.0,US,2022-09-20 04:37:24
376,Sunndalsora,62.6754,8.5515,39.9,86,45,4.54,NO,2022-09-20 04:37:24
377,Eidfjord,60.4675,7.0719,44.82,69,6,1.88,NO,2022-09-20 04:37:25
378,Ponta Delgada,37.7333,-25.6667,72.5,88,20,3.44,PT,2022-09-20 04:33:30
379,Deputatskiy,69.3,139.9,29.43,64,100,4.97,RU,2022-09-20 04:37:25
380,Vao,-22.6667,167.4833,74.32,82,8,15.9,NC,2022-09-20 04:37:26
381,Mezimesti,50.6246,16.2421,48.25,92,92,3.18,CZ,2022-09-20 04:37:27
382,Qiyang,26.5911,111.8474,93.18,30,59,11.18,CN,2022-09-20 04:37:27
383,Ivrea,45.4672,7.8762,59.04,58,0,5.53,IT,2022-09-20 04:37:28
384,Sulangan,11.1373,123.7228,84.34,68,100,3.36,PH,2022-09-20 04:37:28
385,Fort Nelson,58.8053,-122.7002,42.39,87,40,3.44,CA,2022-09-20 04:37:29
386,Kropotkin,45.4375,40.5756,65.89,55,30,11.83,RU,2022-09-20 04:37:29
387,Vilyuysk,63.7553,121.6247,39.49,65,99,5.79,RU,2022-09-20 04:37:29
388,Jodhpur,26.2867,73.03,89.1,43,0,10.6,IN,2022-09-20 04:37:30
389,Solnechnyy,50.7214,136.6319,42.96,74,95,9.53,RU,2022-09-20 04:37:30
390,Vestmannaeyjar,63.4427,-20.2734,52.52,94,100,9.28,IS,2022-09-20 04:37:31
391,Minna,9.6139,6.5569,73.11,94,20,1.14,NG,2022-09-20 04:37:31
392,Nabire,-3.3667,135.4833,84.96,68,68,4.5,ID,2022-09-20 04:37:32
393,Olinda,-8.0089,-34.8553,78.53,69,40,9.22,BR,2022-09-20 04:37:32
394,Luderitz,-26.6481,15.1594,52.75,61,0,14.41,NA,2022-09-20 04:37:32
395,Andradina,-20.8961,-51.3794,70.88,84,93,3.96,BR,2022-09-20 04:33:10
396,Pisco,-13.7,-76.2167,60.85,82,100,3.44,PE,2022-09-20 04:37:33
397,Bichena,10.45,38.2,56.34,78,100,0.98,ET,2022-09-20 04:37:34
398,Palana,59.1167,159.9667,48.34,64,100,17.87,RU,2022-09-20 04:37:34
399,Agria,47.9026,20.3733,45.05,88,94,3.29,HU,2022-09-20 04:37:34
400,Nadym,65.5333,72.5167,44.49,81,98,13.47,RU,2022-09-20 04:37:35
401,Tari,12.4086,4.4914,73.29,90,80,13.31,NG,2022-09-20 04:37:35
402,Jalu,29.0331,21.5482,77.49,43,0,3.62,LY,2022-09-20 04:37:36
403,Belyy Yar,53.6039,91.3903,50.86,87,40,2.24,RU,2022-09-20 04:37:36
404,Raudeberg,61.9875,5.1352,41.67,67,23,9.53,NO,2022-09-20 04:37:37
405,Santiago De Chuco,-8.15,-78.1833,52.07,73,86,1.05,PE,2022-09-20 04:37:37
406,Yulara,-25.2406,130.9889,78.64,17,0,23.02,AU,2022-09-20 04:37:37
407,Eregli,37.5133,34.0467,68.29,35,1,0.98,TR,2022-09-20 04:37:38
408,Calama,-22.4667,-68.9333,45.09,31,2,5.75,CL,2022-09-20 04:38:38
409,Ofaqim,31.3141,34.6203,68.7,74,2,4.29,IL,2022-09-20 04:38:39
410,Hirara,24.8,125.2833,84.06,69,40,16.11,JP,2022-09-20 04:38:39
411,Sampit,-2.5333,112.95,73.24,98,100,5.23,ID,2022-09-20 04:38:40
412,Sydney Mines,46.2367,-60.2177,49.37,91,40,4.61,CA,2022-09-20 04:38:40
413,Zapolyarnyy,69.4154,30.8136,42.08,90,100,20.42,RU,2022-09-20 04:38:41
414,Skierniewice,51.9548,20.1584,47.05,93,98,7.96,PL,2022-09-20 04:38:41
415,Nanortalik,60.1432,-45.2371,42.01,95,94,5.53,GL,2022-09-20 04:38:41
416,La Ronge,55.1001,-105.2842,50.25,87,75,1.14,CA,2022-09-20 04:38:42
417,Peniche,39.3558,-9.3811,69.46,93,45,2.95,PT,2022-09-20 04:38:42
418,New Richmond,45.123,-92.5366,69.48,80,0,4.61,US,2022-09-20 04:35:34
419,Kaduy,59.2,37.15,48.99,94,100,14.97,RU,2022-09-20 04:38:43
420,Fort Saint James,54.4333,-124.25,43.84,61,5,2.55,CA,2022-09-20 04:38:43
421,Tilichiki,60.4667,166.1,45.61,66,100,19.53,RU,2022-09-20 04:38:44
422,Khao Wong,16.7001,104.0902,86.05,70,100,4.32,TH,2022-09-20 04:38:44
423,Kargasok,59.0556,80.8572,53.82,65,29,9.04,RU,2022-09-20 04:38:44
424,Pundaguitan,6.3711,126.1689,84.87,70,95,10.45,PH,2022-09-20 04:38:45
425,Shahr-E Kord,32.3256,50.8644,60.57,33,0,2.3,IR,2022-09-20 04:38:45
426,Yinchuan,38.4681,106.2731,65.17,40,0,2.84,CN,2022-09-20 04:38:46
427,Borzya,50.3833,116.5167,57.36,30,63,13.53,RU,2022-09-20 04:38:46
428,Ippy,6.2679,21.2247,68.5,97,86,2.86,CF,2022-09-20 04:38:47
429,Bayreuth,49.9481,11.5783,47.52,94,61,8.99,DE,2022-09-20 04:38:47
430,Mastic Beach,40.7668,-72.8521,70.99,88,75,5.01,US,2022-09-20 04:38:47
431,Ennis,52.8436,-8.9864,55.33,82,75,4.61,IE,2022-09-20 04:38:48
432,Flin Flon,54.7682,-101.865,52.72,97,100,6.24,CA,2022-09-20 04:38:48
433,Sohag,26.557,31.6948,79.3,46,0,7.02,EG,2022-09-20 04:38:49
434,Batagay,67.6333,134.6333,35.42,65,93,3.62,RU,2022-09-20 04:38:50
435,Honiara,-9.4333,159.95,85.5,72,81,11.25,SB,2022-09-20 04:38:50
436,Lapa,-25.7697,-49.7158,54.12,97,100,1.7,BR,2022-09-20 04:38:51
437,Monterey,36.2505,-121.2516,61.18,1,6,3.51,US,2022-09-20 04:38:51
438,Ghanzi,-21.5667,21.7833,46.49,36,1,10.36,BW,2022-09-20 04:38:51
439,Chapais,49.7834,-74.8492,46.18,73,100,5.08,CA,2022-09-20 04:38:52
440,Alta Floresta,-9.8756,-56.0861,71.35,91,55,1.9,BR,2022-09-20 04:38:52
441,Manta,-0.95,-80.7333,70.57,85,72,9.78,EC,2022-09-20 04:38:53
442,Bad Doberan,54.1071,11.9005,54.99,90,5,13.67,DE,2022-09-20 04:38:53
443,Pafos,34.7667,32.4167,71.38,78,20,6.91,CY,2022-09-20 04:38:54
444,Bagotville,-28.9833,153.4167,73.85,68,14,11.83,AU,2022-09-20 04:38:54
445,San Ramon,37.7799,-121.978,64.02,78,75,6.91,US,2022-09-20 04:38:25
446,Goulburn,-34.75,149.7167,63.41,43,0,3.51,AU,2022-09-20 04:38:55
447,La Paz,-16.5,-68.15,40.98,81,13,2.3,BO,2022-09-20 04:36:35
448,Amahai,-3.3333,128.9167,83.8,69,94,4.97,ID,2022-09-20 04:38:55
449,Freeport,40.6576,-73.5832,73.36,84,75,6.91,US,2022-09-20 04:34:08
450,Voyvozh,62.892,54.9635,56.3,77,59,12.73,RU,2022-09-20 04:38:56
451,Paine,-33.8167,-70.75,55.71,86,100,1.61,CL,2022-09-20 04:38:56
452,Nalut,30.3333,10.85,81.37,15,0,6.89,LY,2022-09-20 04:38:57
453,Iqaluit,63.7506,-68.5145,44.33,75,100,11.5,CA,2022-09-20 04:38:57
454,Chicama,-7.8447,-79.1469,57.74,87,66,8.19,PE,2022-09-20 04:38:57
455,Port Keats,-14.25,129.55,88.39,45,33,12.66,AU,2022-09-20 04:38:58
456,Beruwala,6.4788,79.9828,82.36,74,94,9.22,LK,2022-09-20 04:39:58
457,Kenai,60.5544,-151.2583,53.69,98,100,3.44,US,2022-09-20 04:35:22
458,Santiago Del Estero,-27.7951,-64.2615,57.81,62,14,8.46,AR,2022-09-20 04:39:59
459,Berekum,7.4534,-2.584,69.1,99,99,5.84,GH,2022-09-20 04:40:00
460,Viziru,45.0167,27.7,53.33,65,78,5.53,RO,2022-09-20 04:40:00
461,Katobu,-4.9408,122.5276,86.09,65,95,0.38,ID,2022-09-20 04:40:00
462,Gizo,-8.103,156.8419,83.73,73,50,9.1,SB,2022-09-20 04:40:01
463,Montrose,38.4166,-108.2673,56.53,36,0,4.81,US,2022-09-20 04:40:01
464,Varhaug,58.6147,5.6457,47.89,71,2,5.75,NO,2022-09-20 04:40:02
465,Heihe,50.2441,127.4902,54.18,31,1,16.08,CN,2022-09-20 04:40:02
466,Makat,47.6469,53.3463,74.37,15,0,13.73,KZ,2022-09-20 04:40:03
467,Mollendo,-17.0231,-72.0147,58.95,85,98,8.03,PE,2022-09-20 04:40:03
468,Kahama,-3.8333,32.6,71.65,57,2,9.48,TZ,2022-09-20 04:40:04
469,Boyuibe,-20.4167,-63.2833,60.31,87,91,6.96,BO,2022-09-20 04:40:05
470,Walvis Bay,-22.9575,14.5053,47.35,76,0,3.44,NA,2022-09-20 04:40:06
471,Aracaju,-10.9111,-37.0717,76.95,73,40,10.36,BR,2022-09-20 04:40:06
472,San Antero,9.3741,-75.7589,73.47,86,99,5.19,CO,2022-09-20 04:40:07
473,Akhaldaba,41.654,42.1516,61.36,83,27,0.85,GE,2022-09-20 04:40:07
474,Sturgis,41.7992,-85.4192,59.25,94,100,0.0,US,2022-09-20 04:40:07
475,San Francisco,37.7749,-122.4194,65.32,86,40,5.01,US,2022-09-20 04:38:45
476,Queenstown,-31.8976,26.8753,43.03,90,100,4.76,ZA,2022-09-20 04:40:08
477,Noshiro,40.2039,140.0242,67.03,65,100,18.48,JP,2022-09-20 04:40:08
478,Porto Uniao,-26.2381,-51.0783,54.55,98,100,0.67,BR,2022-09-20 04:40:09
479,Emborion,40.4833,21.55,51.3,67,1,4.65,GR,2022-09-20 04:40:09
480,Lakatoro,-16.0999,167.4164,81.82,75,20,14.81,VU,2022-09-20 04:40:10
481,Kyabe,9.4515,18.9449,72.77,93,80,0.18,TD,2022-09-20 04:40:10
482,Annonay,45.2397,4.6708,45.82,80,0,4.9,FR,2022-09-20 04:40:11
483,Makakilo City,21.3469,-158.0858,80.92,58,0,12.66,US,2022-09-20 04:40:11
484,Riyadh,24.6877,46.7219,82.54,20,0,4.92,SA,2022-09-20 04:39:16
485,Tiarei,-17.5333,-149.3333,80.01,73,9,15.93,PF,2022-09-20 04:40:12
486,Dubna,56.7333,37.1667,49.28,85,100,15.08,RU,2022-09-20 04:40:12
487,Sillamae,59.3997,27.7547,52.72,79,100,15.59,EE,2022-09-20 04:40:12
488,Talaya,61.3833,152.75,35.42,100,100,7.14,RU,2022-09-20 04:40:13
489,Mayo,38.8876,-76.5119,75.15,88,0,3.44,US,2022-09-20 04:40:13
490,Dakar,14.6937,-17.4441,77.88,77,74,10.25,SN,2022-09-20 04:40:14
491,Kudahuvadhoo,2.6708,72.8944,82.35,68,52,6.11,MV,2022-09-20 04:40:14
492,Usvyaty,55.7456,30.7533,45.61,96,100,5.61,RU,2022-09-20 04:40:15
493,Alice Springs,-23.7,133.8833,94.55,13,75,24.16,AU,2022-09-20 04:40:15
494,Port Hardy,50.6996,-127.4199,51.8,93,0,2.3,CA,2022-09-20 04:38:26
495,Mouzouras,35.5333,24.15,68.0,77,20,3.44,GR,2022-09-20 04:40:16
496,Port-Gentil,-0.7193,8.7815,76.17,84,73,8.86,GA,2022-09-20 04:40:16
497,Novoagansk,61.9449,76.6625,52.12,66,47,2.59,RU,2022-09-20 04:40:16
498,Campoverde,-8.4753,-74.8058,80.29,56,75,2.01,PE,2022-09-20 04:40:17
499,Maneadero,31.7167,-116.5667,68.11,83,0,3.0,MX,2022-09-20 04:40:18
500,Mossendjo,-2.9506,12.7261,69.75,95,100,2.08,CG,2022-09-20 04:40:18
501,Adrar,20.5022,-10.0711,86.77,29,99,11.25,MR,2022-09-20 04:41:19
502,Kieta,-6.2167,155.6333,81.05,82,99,5.39,PG,2022-09-20 04:41:19
503,Iracoubo,5.4802,-53.2011,77.16,90,99,8.23,GF,2022-09-20 04:41:20
504,Zima,53.9202,102.0442,51.31,74,100,8.32,RU,2022-09-20 04:41:20
505,Tingi,-11.3,35.0333,66.18,62,0,7.43,TZ,2022-09-20 04:41:20
506,Salaga,8.5508,-0.5188,71.26,97,100,3.58,GH,2022-09-20 04:41:21
507,Belaya Gora,68.5333,146.4167,44.22,47,100,6.15,RU,2022-09-20 04:41:21
508,Balkanabat,39.5108,54.3671,86.07,14,0,8.05,TM,2022-09-20 04:41:22
509,Sankt Veit,49.1,10.95,46.89,96,83,4.38,DE,2022-09-20 04:41:22
510,Longonjo,-12.9067,15.2533,60.62,80,7,2.68,AO,2022-09-20 04:41:23
511,Nantucket,41.2835,-70.0995,73.51,68,75,16.11,US,2022-09-20 04:41:23
512,Kenitra,34.261,-6.5802,63.36,90,0,1.43,MA,2022-09-20 04:41:23
513,Coihaique,-45.5752,-72.0662,37.35,93,100,3.44,CL,2022-09-20 04:41:24
514,Saint George,37.1041,-113.5841,79.95,29,0,8.01,US,2022-09-20 04:41:24
515,Shirokiy,49.758,129.523,50.4,34,2,18.16,RU,2022-09-20 04:41:25
516,Sinnamary,5.3833,-52.95,78.19,87,91,9.55,GF,2022-09-20 04:41:25
517,Puerto Baquerizo Moreno,-0.9,-89.6,67.23,80,40,11.88,EC,2022-09-20 04:41:25
518,Santa Rosa,14.3122,121.1114,82.11,72,93,12.3,PH,2022-09-20 04:41:26
519,Komsomolskiy,40.4272,71.7189,81.32,26,0,2.3,UZ,2022-09-20 04:41:26
520,Sur,22.5667,59.5289,87.33,57,0,1.81,OM,2022-09-20 04:41:27
521,Emerald,-23.5333,148.1667,87.35,38,4,5.5,AU,2022-09-20 04:41:27
522,Ankang,32.68,109.0172,62.82,93,100,2.13,CN,2022-09-20 04:41:28
523,Qujing,25.4833,103.7833,75.56,59,15,7.92,CN,2022-09-20 04:39:08
524,Beloha,-25.1667,45.05,76.37,44,0,9.17,MG,2022-09-20 04:41:28
525,Fortuna,40.5982,-124.1573,61.14,87,55,2.75,US,2022-09-20 04:41:29
526,Palauig,15.435,119.9045,82.87,77,100,6.2,PH,2022-09-20 04:41:29
527,Arlit,18.7369,7.3853,85.86,40,1,7.81,NE,2022-09-20 04:41:30
528,Knysna,-34.0363,23.0471,53.2,63,36,5.14,ZA,2022-09-20 04:41:30
529,Aktau,43.65,51.2,68.58,29,0,13.62,KZ,2022-09-20 04:41:30
530,Zhangye,38.9342,100.4517,73.56,25,3,3.87,CN,2022-09-20 04:41:31
531,Nola,40.922,14.5329,65.62,88,39,4.07,IT,2022-09-20 04:41:31
532,Misratah,32.3754,15.0925,80.8,64,50,4.81,LY,2022-09-20 04:41:32
533,Catamarca,-28.4696,-65.7852,59.58,60,2,7.2,AR,2022-09-20 04:41:32
534,Flinders,-34.5833,150.8552,70.18,62,2,7.0,AU,2022-09-20 04:38:32
535,Sakaiminato,35.55,133.2333,71.58,53,40,18.41,JP,2022-09-20 04:39:16
536,Ternate,0.8,127.4,83.95,72,100,6.93,ID,2022-09-20 04:41:33
537,Hovd,48.0056,91.6419,60.87,17,0,3.67,MN,2022-09-20 04:41:33
538,Korgen,66.0771,13.8153,46.53,95,100,3.94,NO,2022-09-20 04:41:34
539,Jonesboro,35.8423,-90.7043,80.42,69,0,0.0,US,2022-09-20 04:41:12
540,Bundaberg,-24.85,152.35,81.21,42,0,5.01,AU,2022-09-20 04:41:35
541,Harper,4.375,-7.7169,75.47,88,95,8.41,LR,2022-09-20 04:41:35
542,Yantal,56.8471,105.2542,48.2,88,98,12.97,RU,2022-09-20 04:41:35
543,Ulaangom,49.9811,92.0667,62.56,25,51,2.62,MN,2022-09-20 04:41:36
544,Tiznit,29.5833,-9.5,66.51,67,12,1.14,MA,2022-09-20 04:41:36
545,Lima,-12.0432,-77.0282,61.9,82,100,16.11,PE,2022-09-20 04:38:36
546,Banda Aceh,5.5577,95.3222,86.56,63,96,11.79,ID,2022-09-20 04:42:37
547,Broken Hill,-31.95,141.4333,73.89,25,100,27.69,AU,2022-09-20 04:42:38
548,Boende,-0.2167,20.8667,70.45,98,44,2.19,CD,2022-09-20 04:42:38
549,Kirakira,-10.4544,161.9205,82.24,81,70,14.2,SB,2022-09-20 04:42:38
550,Gisborne,-38.6533,178.0042,62.96,67,100,8.39,NZ,2022-09-20 04:42:39
551,Borogontsy,62.6683,131.1683,41.05,41,5,9.82,RU,2022-09-20 04:42:39
552,Karera,25.4667,78.15,86.7,61,35,3.53,IN,2022-09-20 04:42:40
553,Sukumo,32.9333,132.7333,78.69,48,75,7.4,JP,2022-09-20 04:42:40
554,Meulaboh,4.1363,96.1285,84.49,65,93,4.38,ID,2022-09-20 04:42:41
555,Ashland,40.8167,-82.2665,63.21,90,0,3.4,US,2022-09-20 04:42:41
556,Shingu,33.7333,135.9833,74.35,58,68,10.54,JP,2022-09-20 04:41:58
557,Kandrian,-6.2167,149.55,78.62,87,99,10.18,PG,2022-09-20 04:42:42
558,Blantyre,-15.785,35.0085,71.49,42,0,8.55,MW,2022-09-20 04:42:42
559,Broome,42.2506,-75.833,65.46,85,75,3.44,US,2022-09-20 04:42:42
560,Mecca,21.4267,39.8261,87.04,22,7,5.39,SA,2022-09-20 04:38:15
561,Sonamukhi,23.3,87.4167,84.47,74,93,15.23,IN,2022-09-20 04:42:43
562,Srednekolymsk,67.45,153.6833,51.93,29,94,18.32,RU,2022-09-20 04:42:43
563,Sambava,-14.2667,50.1667,72.82,74,15,10.36,MG,2022-09-20 04:42:44
564,Salantai,56.0667,21.5667,51.3,88,78,5.44,LT,2022-09-20 04:42:44
565,Shu,43.5983,73.7614,82.58,16,0,3.87,KZ,2022-09-20 04:42:45
566,Vanimo,-2.6741,141.3028,83.37,71,100,5.03,PG,2022-09-20 04:42:45
567,Tandil,-37.3217,-59.1332,42.69,86,38,8.7,AR,2022-09-20 04:42:46
568,Zarand,30.8127,56.564,78.28,20,4,2.8,IR,2022-09-20 04:42:46
569,Sines,37.9562,-8.8698,69.3,93,78,1.81,PT,2022-09-20 04:42:46
570,Nizhniy Kuranakh,58.8353,125.4869,38.37,92,100,4.68,RU,2022-09-20 04:42:47
571,Paciran,-6.8767,112.3761,86.54,59,100,8.84,ID,2022-09-20 04:42:48
572,Port Macquarie,-31.4333,152.9167,66.88,63,86,7.38,AU,2022-09-20 04:42:48
573,Touros,-5.1989,-35.4608,74.12,86,75,14.18,BR,2022-09-20 04:42:49
574,Santa Ana,33.7456,-117.8678,72.41,80,0,4.61,US,2022-09-20 04:42:49
575,Chumphon,10.3333,98.8333,80.22,76,97,8.34,TH,2022-09-20 04:42:50
576,Agutaya,11.148,120.9417,83.59,75,98,13.49,PH,2022-09-20 04:42:50
577,Alyangula,-13.8483,136.4192,86.16,63,92,10.51,AU,2022-09-20 04:42:50
578,Brenham,30.1669,-96.3977,80.85,75,0,0.0,US,2022-09-20 04:41:58
579,Shahganj,26.05,82.6833,89.26,65,72,10.45,IN,2022-09-20 04:42:51
580,Kidal,18.4411,1.4078,86.65,43,14,7.27,ML,2022-09-20 04:42:51
581,Viedma,-40.8135,-62.9967,42.28,81,100,21.12,AR,2022-09-20 04:42:52
582,Punalur,9.0,76.9333,85.35,64,100,5.99,IN,2022-09-20 04:42:52
583,Isla Vista,34.4133,-119.861,68.77,89,40,1.01,US,2022-09-20 04:42:53
584,Nchelenge,-9.3451,28.734,73.35,66,43,2.95,ZM,2022-09-20 04:42:53
585,Anzio,41.4853,12.6179,69.31,74,42,7.81,IT,2022-09-20 04:42:54
586,Casalmaggiore,44.9939,10.4189,59.94,70,1,3.83,IT,2022-09-20 04:39:49
587,Huanren,41.2647,125.3667,60.12,32,0,4.9,CN,2022-09-20 04:42:54
588,Vila Franca Do Campo,37.7167,-25.4333,72.19,84,8,4.07,PT,2022-09-20 04:42:55
589,Khandbari,27.3747,87.2039,82.26,69,65,4.18,NP,2022-09-20 04:42:55
590,Dunedin,-45.8742,170.5036,54.81,69,100,3.0,NZ,2022-09-20 04:42:56
591,Kastamonu,41.5,33.6667,55.94,85,4,1.43,TR,2022-09-20 04:43:56
592,Ibra,22.6906,58.5334,84.76,51,0,3.29,OM,2022-09-20 04:43:56
593,Alihe,50.5667,123.7167,59.47,26,0,8.41,CN,2022-09-20 04:43:57
594,Dingle,10.9995,122.6711,87.66,67,100,12.01,PH,2022-09-20 04:43:57
595,Arzgir,45.3728,44.2206,67.69,46,100,9.24,RU,2022-09-20 04:43:58
596,Delijan,33.9905,50.6838,80.31,19,52,2.64,IR,2022-09-20 04:43:58
597,Bachaquero,9.9694,-71.1494,78.91,78,100,6.02,VE,2022-09-20 04:43:59
598,Ampanihy,-24.7,44.75,76.33,42,0,11.52,MG,2022-09-20 04:43:59
599,Chiang Kham,19.5233,100.3,88.9,38,53,2.95,TH,2022-09-20 04:44:00
600,Saint Pete Beach,27.7253,-82.7412,80.65,78,1,1.01,US,2022-09-20 04:44:00
601,Huarmey,-10.0681,-78.1522,61.63,86,64,10.49,PE,2022-09-20 04:44:01
602,Uturoa,-16.7333,-151.4333,77.97,73,8,12.08,PF,2022-09-20 04:44:01
603,Havelock,34.8791,-76.9013,75.94,97,20,0.0,US,2022-09-20 04:44:02
604,Bull Savanna,17.8868,-77.5902,76.35,82,1,5.19,JM,2022-09-20 04:44:02
605,Bay Roberts,47.5999,-53.2648,51.06,93,100,5.01,CA,2022-09-20 04:44:03
606,Ust-Kulom,61.6864,53.6902,56.46,82,50,12.19,RU,2022-09-20 04:44:03
607,Shasta Lake,40.6804,-122.3708,63.32,83,48,1.57,US,2022-09-20 04:44:04
608,Artyom,40.4723,50.333,75.34,74,0,3.18,AZ,2022-09-20 04:44:05
609,Gravenhurst,44.9168,-79.3663,62.78,94,100,8.05,CA,2022-09-20 04:44:05
610,Kaohsiung,22.6163,120.3133,87.89,70,75,10.36,TW,2022-09-20 04:44:06
611,Naryan-Mar,67.6713,53.087,46.67,92,100,18.28,RU,2022-09-20 04:44:06
612,Debre Tabor,11.85,38.0167,55.42,77,87,2.64,ET,2022-09-20 04:44:07
613,Mitchell,43.7094,-98.0298,71.74,85,0,5.75,US,2022-09-20 04:42:48
614,Weihe,32.9952,105.3247,57.96,93,100,5.17,CN,2022-09-20 04:44:08
615,Trairi,-3.2778,-39.2689,77.61,80,97,13.82,BR,2022-09-20 04:42:57
616,Manzhouli,49.6,117.4333,60.48,26,62,14.9,CN,2022-09-20 04:39:13
617,Colac,-38.3333,143.5833,60.17,58,88,10.2,AU,2022-09-20 04:44:09
618,Mehamn,71.0357,27.8492,44.51,81,75,13.8,NO,2022-09-20 04:44:09
619,Aykhal,66.0,111.5,33.35,100,100,4.85,RU,2022-09-20 04:44:10
620,Montepuez,-13.1256,38.9997,70.36,76,35,7.43,MZ,2022-09-20 04:44:10
621,Jaisalmer,26.9147,70.9181,90.09,37,0,15.84,IN,2022-09-20 04:44:11
622,Ginda,30.6945,78.4932,73.33,69,19,4.27,IN,2022-09-20 04:44:11
623,Ayan,56.45,138.1667,44.04,59,100,22.75,RU,2022-09-20 04:44:12
624,Kyra,49.5776,111.9753,60.15,33,81,7.25,RU,2022-09-20 04:44:13
625,Campbell River,50.0163,-125.2446,60.33,87,0,2.3,CA,2022-09-20 04:43:34
626,Oussouye,12.485,-16.5469,75.63,89,99,1.23,SN,2022-09-20 04:44:14
627,Kota Kinabalu,5.9749,116.0724,87.78,70,20,7.0,MY,2022-09-20 04:44:14
628,Ruidoso,33.3317,-105.673,62.96,94,21,9.22,US,2022-09-20 04:44:15
629,Pedernales,18.0384,-71.744,81.23,80,100,7.36,DO,2022-09-20 04:44:15
630,Ust-Kalmanka,52.1207,83.305,66.87,25,62,3.36,RU,2022-09-20 04:44:16
631,Hamilton,39.1834,-84.5333,70.77,94,0,5.75,US,2022-09-20 04:43:20
632,Mackay,-21.15,149.2,88.68,75,56,6.8,AU,2022-09-20 04:44:16
633,Port Hedland,-20.3167,118.5667,82.45,17,3,17.27,AU,2022-09-20 04:44:17
634,Renqiu,38.6989,116.0936,78.96,19,0,2.66,CN,2022-09-20 04:45:17
635,Methoni,36.8197,21.7049,69.22,68,9,11.95,GR,2022-09-20 04:42:10
636,Amapa,1.0,-52.0,70.03,96,81,1.61,BR,2022-09-20 04:45:18
637,Avon Lake,41.5053,-82.0282,69.71,91,1,2.04,US,2022-09-20 04:40:53
638,Bongandanga,1.5,21.05,70.18,98,70,1.95,CD,2022-09-20 04:45:19
639,Mingaora,34.7758,72.3625,80.78,49,0,2.33,PK,2022-09-20 04:42:24
640,Kichera,55.9375,110.0997,41.22,99,100,2.1,RU,2022-09-20 04:45:19
641,Jiwani,25.05,61.7417,80.65,75,64,7.05,PK,2022-09-20 04:45:20
642,Upington,-28.4478,21.2561,43.18,81,0,6.91,ZA,2022-09-20 04:45:20
643,Los Llanos De Aridane,28.6585,-17.9182,67.75,91,100,3.0,ES,2022-09-20 04:45:21
644,Garowe,8.4054,48.4845,79.65,61,100,20.94,SO,2022-09-20 04:40:55
645,Palmer,42.1584,-72.3287,64.85,87,75,4.61,US,2022-09-20 04:45:21
646,Margate,51.3813,1.3862,56.89,72,26,3.0,GB,2022-09-20 04:45:22
647,Berlevag,70.8578,29.0864,44.55,70,40,18.41,NO,2022-09-20 04:45:22
648,Petropavlovsk-Kamchatskiy,53.0452,158.6483,52.39,100,100,13.42,RU,2022-09-20 04:45:23
649,Chipinge,-20.1883,32.6236,74.26,28,0,2.89,ZW,2022-09-20 04:45:23
650,Gonbad-E Qabus,37.25,55.1672,81.55,38,0,0.0,IR,2022-09-20 04:45:24
651,Gondanglegi,-7.7479,112.0132,87.85,50,100,15.82,ID,2022-09-20 04:45:24
652,Hobyo,5.3505,48.5268,79.48,80,94,19.06,SO,2022-09-20 04:45:24
653,Santa Maria,-29.6842,-53.8069,56.12,94,62,2.37,BR,2022-09-20 04:44:45
654,Priargunsk,50.3691,119.1012,60.8,26,43,11.88,RU,2022-09-20 04:45:25
655,Fuyang,32.9,115.8167,76.23,24,99,11.77,CN,2022-09-20 04:45:25
656,Swiecie,53.4095,18.4474,48.76,97,26,3.0,PL,2022-09-20 04:45:26
657,Nhulunbuy,-12.2333,136.7667,86.61,62,40,16.11,AU,2022-09-20 04:45:26
658,Quang Ngai,15.1167,108.8,89.33,60,100,4.45,VN,2022-09-20 04:45:27
659,Buala,-8.145,159.5921,83.62,72,82,8.79,SB,2022-09-20 04:45:28
660,Guiratinga,-16.3494,-53.7583,73.71,74,65,2.75,BR,2022-09-20 04:45:28
661,Mtwango,-9.0167,34.8,56.75,77,59,10.69,TZ,2022-09-20 04:45:28
662,Rio Branco Do Sul,-25.19,-49.3142,57.81,99,100,4.43,BR,2022-09-20 04:45:29
663,Pangnirtung,66.1451,-65.7125,36.82,89,96,9.51,CA,2022-09-20 04:45:29
664,Vargem Grande,-3.5431,-43.9158,73.13,97,29,3.06,BR,2022-09-20 04:45:30
665,Taylorville,39.5489,-89.2945,73.81,94,0,3.44,US,2022-09-20 04:40:56
666,Bintulu,3.1667,113.0333,86.41,74,40,3.44,MY,2022-09-20 04:45:30
667,Padang,-0.9492,100.3543,86.05,72,89,4.83,ID,2022-09-20 04:45:31
668,Mangaratiba,-22.9597,-44.0406,61.66,81,43,4.52,BR,2022-09-20 04:45:31
669,Sechura,-5.5569,-80.8222,64.17,81,99,13.94,PE,2022-09-20 04:45:32
670,Catuday,16.2923,119.8062,82.04,73,98,8.01,PH,2022-09-20 04:45:32
671,Kostomuksha,64.571,30.5767,46.24,87,100,15.32,RU,2022-09-20 04:45:32
672,Vila,42.0304,-8.1588,58.08,66,0,3.04,PT,2022-09-20 04:45:33
673,Cairns,-16.9167,145.7667,95.07,50,70,10.36,AU,2022-09-20 04:45:33
674,Lanzhou,36.0564,103.7922,66.33,49,80,4.09,CN,2022-09-20 04:45:34
675,Newport,51.5877,-2.9984,54.68,87,59,3.6,GB,2022-09-20 04:45:34
676,Seymchan,62.8833,152.4333,35.58,99,100,7.83,RU,2022-09-20 04:45:35
677,Mattru,7.6244,-11.8332,70.86,99,80,1.57,SL,2022-09-20 04:45:35
678,Sao Jose Da Coroa Grande,-8.8978,-35.1478,73.83,82,25,6.4,BR,2022-09-20 04:45:36
679,Karwar,14.8,74.1333,79.29,73,88,1.07,IN,2022-09-20 04:45:36
680,Krasnogorsk,55.8225,37.3181,52.05,82,75,17.9,RU,2022-09-20 04:45:37
681,Tsiroanomandidy,-18.7667,46.0333,70.48,36,70,7.45,MG,2022-09-20 04:46:37
682,Tessaoua,13.7574,7.9874,76.62,74,5,8.72,NE,2022-09-20 04:46:37
683,Curanilahue,-37.4667,-73.35,35.04,93,32,4.18,CL,2022-09-20 04:46:38
684,Sovetskiy,61.3614,63.5842,55.09,97,100,7.54,RU,2022-09-20 04:46:38
685,Salair,54.2312,85.7972,54.25,50,100,6.76,RU,2022-09-20 04:46:39
686,Wahiawa,21.5028,-158.0236,79.12,67,75,6.91,US,2022-09-20 04:46:39
687,Marrakesh,31.6315,-8.0083,69.87,73,40,6.91,MA,2022-09-20 04:46:36
688,Denpasar,-8.65,115.2167,82.06,74,75,17.27,ID,2022-09-20 04:42:04
689,Starosubkhangulovo,53.1031,57.4423,68.34,38,39,3.69,RU,2022-09-20 04:46:40
690,Mitsamiouli,-11.3847,43.2844,75.49,73,20,8.05,KM,2022-09-20 04:46:40
691,Tabuk,17.4189,121.4443,84.34,73,100,4.79,PH,2022-09-20 04:46:41
692,Moron,-34.6534,-58.6198,55.15,81,2,7.09,AR,2022-09-20 04:46:41
693,Kozhanka,49.9793,29.7381,47.01,92,100,3.89,UA,2022-09-20 04:46:41
694,Tarko-Sale,64.9225,77.785,39.36,58,64,5.75,RU,2022-09-20 04:46:42
695,Belaguntha,19.8833,84.65,80.4,86,100,3.85,IN,2022-09-20 04:46:42
696,Piacabucu,-10.4056,-36.4344,71.89,86,50,4.72,BR,2022-09-20 04:46:43
697,Shizunai,42.3339,142.3669,57.96,63,99,23.58,JP,2022-09-20 04:46:43
