City_ID,City,Lat,Lng,Max Temp,Current Description,Humidity,Cloudiness,Wind Speed,Country,Date
0,Garowe,8.4054,48.4845,74.86,few clouds,58,16,10.31,SO,2022-11-14 05:13:17
1,Rikitea,-23.1203,-134.9692,74.5,overcast clouds,87,98,12.82,PF,2022-11-14 05:13:18
2,Vila Velha,-20.3297,-40.2925,76.95,overcast clouds,91,100,11.99,BR,2022-11-14 05:13:19
3,New Norfolk,-42.7826,147.0587,56.91,moderate rain,75,100,4.0,AU,2022-11-14 05:13:19
4,Ushuaia,-54.8,-68.3,55.06,clear sky,50,0,9.22,AR,2022-11-14 05:13:20
5,Vardo,70.3705,31.1107,31.98,broken clouds,80,75,9.22,NO,2022-11-14 05:13:20
6,Punta Arenas,-53.15,-70.9167,55.51,clear sky,82,0,4.61,CL,2022-11-14 05:13:21
7,Cape Town,-33.9258,18.4232,65.91,clear sky,69,0,4.61,ZA,2022-11-14 05:13:21
8,Saskylakh,71.9167,114.0833,-7.71,overcast clouds,95,100,12.21,RU,2022-11-14 05:13:22
9,Castro,-24.7911,-50.0119,60.75,overcast clouds,98,100,2.95,BR,2022-11-14 05:13:23
10,Sao Jose Da Coroa Grande,-8.8978,-35.1478,75.96,broken clouds,88,79,3.4,BR,2022-11-14 05:13:23
11,Parkes,-33.1333,148.1833,62.29,overcast clouds,69,88,16.35,AU,2022-11-14 05:13:24
12,Ilulissat,69.2167,-51.1,28.42,scattered clouds,86,48,4.61,GL,2022-11-14 05:13:25
13,Upernavik,72.7868,-56.1549,19.42,overcast clouds,92,96,19.95,GL,2022-11-14 05:13:26
14,Busselton,-33.65,115.3333,71.06,clear sky,33,0,2.53,AU,2022-11-14 05:13:27
15,Kapaa,22.0752,-159.319,75.52,few clouds,83,20,16.11,US,2022-11-14 05:13:28
16,Tutubigan,11.8397,125.0614,84.36,broken clouds,76,82,7.02,PH,2022-11-14 05:13:28
17,Margate,51.3813,1.3862,51.91,scattered clouds,83,35,1.01,GB,2022-11-14 05:13:29
18,Hofn,64.2539,-15.2082,48.04,overcast clouds,92,100,10.07,IS,2022-11-14 05:13:30
19,Tessalit,20.1986,1.0114,70.5,broken clouds,19,80,11.27,ML,2022-11-14 05:13:30
20,Gornopravdinsk,60.05,69.9,24.22,light snow,93,100,12.44,RU,2022-11-14 05:13:31
21,Jamestown,42.097,-79.2353,33.03,overcast clouds,77,100,8.01,US,2022-11-14 05:13:31
22,Constitucion,-35.3333,-72.4167,52.09,clear sky,89,3,5.95,CL,2022-11-14 05:10:57
23,Ailigandi,9.2333,-78.0167,76.86,overcast clouds,88,99,5.84,PA,2022-11-14 05:13:32
24,Nuuk,64.1835,-51.7216,30.81,broken clouds,93,75,10.36,GL,2022-11-14 05:13:33
25,Airai,-8.9266,125.4092,75.92,overcast clouds,58,87,2.15,TL,2022-11-14 05:13:33
26,Butaritari,3.0707,172.7902,80.67,scattered clouds,73,35,8.55,KI,2022-11-14 05:13:34
27,Albany,42.6001,-73.9662,36.95,scattered clouds,69,45,1.01,US,2022-11-14 05:09:09
28,Sobolevo,54.4299,31.8996,40.15,overcast clouds,64,100,11.48,RU,2022-11-14 05:13:34
29,Barrow,71.2906,-156.7887,17.62,light snow,79,100,11.5,US,2022-11-14 05:13:35
30,Geraldton,-28.7667,114.6,84.61,broken clouds,28,75,17.27,AU,2022-11-14 05:13:35
31,Kavaratti,10.5669,72.642,81.23,overcast clouds,78,95,8.66,IN,2022-11-14 05:13:36
32,Puerto Quijarro,-17.7833,-57.7667,80.67,scattered clouds,57,47,0.65,BO,2022-11-14 05:13:36
33,Yulara,-25.2406,130.9889,80.62,clear sky,20,0,4.76,AU,2022-11-14 05:13:37
34,Atuona,-9.8,-139.0333,77.92,light rain,78,21,18.12,PF,2022-11-14 05:13:37
35,Trairi,-3.2778,-39.2689,80.02,broken clouds,74,74,12.12,BR,2022-11-14 05:08:49
36,Khatanga,71.9667,102.5,-19.34,overcast clouds,98,100,8.9,RU,2022-11-14 05:13:38
37,Nikolskoye,59.7035,30.7861,32.81,scattered clouds,86,27,2.13,RU,2022-11-14 05:13:38
38,Puerto Ayora,-0.7393,-90.3518,69.55,broken clouds,85,61,5.01,EC,2022-11-14 05:13:39
39,Sanmenxia,34.7747,111.1814,57.65,overcast clouds,35,92,6.22,CN,2022-11-14 05:13:40
40,Rensvik,63.1,7.8167,46.67,broken clouds,81,75,4.61,NO,2022-11-14 05:13:40
41,Olafsvik,64.8945,-23.7142,46.18,overcast clouds,86,100,15.5,IS,2022-11-14 05:13:40
42,Touros,-5.1989,-35.4608,77.63,few clouds,82,21,10.78,BR,2022-11-14 05:11:37
43,Thompson,55.7435,-97.8558,1.29,scattered clouds,99,43,3.27,CA,2022-11-14 05:13:41
44,Port Alfred,-33.5906,26.891,63.18,few clouds,85,16,1.01,ZA,2022-11-14 05:13:42
45,Port Said,31.2565,32.2841,72.86,clear sky,60,0,18.39,EG,2022-11-14 05:14:42
46,Tiksi,71.6872,128.8694,-7.89,overcast clouds,98,100,9.8,RU,2022-11-14 05:14:43
47,Saint-Philippe,-21.3585,55.7679,76.12,light rain,83,87,14.63,RE,2022-11-14 05:14:43
48,Codrington,-38.2667,141.9667,56.34,overcast clouds,70,100,18.77,AU,2022-11-14 05:14:44
49,Carnarvon,-24.8667,113.6333,83.59,clear sky,36,0,12.28,AU,2022-11-14 05:14:44
50,Kudymkar,59.0173,54.656,22.6,light snow,89,100,13.58,RU,2022-11-14 05:14:45
51,Vanavara,60.34,102.2797,1.38,light snow,93,100,12.88,RU,2022-11-14 05:14:47
52,Pevek,69.7008,170.3133,-3.21,light snow,97,100,1.99,RU,2022-11-14 05:14:47
53,Fortuna,40.5982,-124.1573,43.14,broken clouds,96,75,6.91,US,2022-11-14 05:14:48
54,Ponta Do Sol,32.6667,-17.1,67.71,few clouds,82,21,0.94,PT,2022-11-14 05:14:48
55,Santa Marta,11.2408,-74.199,76.89,few clouds,85,20,2.3,CO,2022-11-14 05:14:49
56,Guerrero Negro,27.9769,-114.0611,61.18,clear sky,69,2,14.54,MX,2022-11-14 05:14:49
57,Mataura,-46.1927,168.8643,71.65,scattered clouds,46,41,6.78,NZ,2022-11-14 05:14:50
58,Tuktoyaktuk,69.4541,-133.0374,11.37,broken clouds,97,83,2.19,CA,2022-11-14 05:14:50
59,Charlestown,-32.95,151.6667,83.1,clear sky,38,0,5.99,AU,2022-11-14 05:14:51
60,Luanda,-8.8368,13.2343,75.2,broken clouds,78,75,3.44,AO,2022-11-14 05:14:52
61,Hasaki,35.7333,140.8333,63.21,overcast clouds,56,98,21.14,JP,2022-11-14 05:14:52
62,Gat,31.61,34.7642,69.4,few clouds,75,17,6.08,IL,2022-11-14 05:14:53
63,Catalao,-18.1658,-47.9464,67.68,overcast clouds,85,100,2.91,BR,2022-11-14 05:14:53
64,Pareora,-44.4871,171.2132,58.17,overcast clouds,95,89,11.97,NZ,2022-11-14 05:14:54
65,Sitka,57.0531,-135.33,48.09,overcast clouds,76,100,11.5,US,2022-11-14 05:14:54
66,Evensk,61.95,159.2333,7.52,overcast clouds,91,92,8.84,RU,2022-11-14 05:14:55
67,Bredasdorp,-34.5322,20.0403,60.49,broken clouds,80,56,6.87,ZA,2022-11-14 05:14:55
68,Maralal,1.0968,36.698,61.79,few clouds,78,12,5.95,KE,2022-11-14 05:14:56
69,Olinda,-8.0089,-34.8553,80.33,scattered clouds,74,40,6.91,BR,2022-11-14 05:14:56
70,Clyde River,70.4692,-68.5914,3.43,light snow,78,100,20.71,CA,2022-11-14 05:14:57
71,Oussouye,12.485,-16.5469,76.89,overcast clouds,71,93,4.29,SN,2022-11-14 05:14:57
72,Urumqi,43.801,87.6005,34.75,clear sky,65,0,2.24,CN,2022-11-14 05:10:12
73,Ken Caryl,39.5773,-105.1169,28.89,broken clouds,43,63,3.0,US,2022-11-14 05:14:58
74,Lata,40.1629,-8.3327,56.07,overcast clouds,94,100,0.92,PT,2022-11-14 05:14:59
75,Narsaq,60.9167,-46.05,48.42,overcast clouds,63,100,10.2,GL,2022-11-14 05:14:59
76,Conde,-7.2597,-34.9075,74.66,few clouds,94,20,3.44,BR,2022-11-14 05:15:00
77,Lypnyazhka,48.4469,31.0761,39.65,broken clouds,92,65,7.0,UA,2022-11-14 05:15:01
78,Iwanai,42.9744,140.5089,43.79,broken clouds,56,75,4.65,JP,2022-11-14 05:05:28
79,Mayo,38.8876,-76.5119,42.94,clear sky,65,0,10.36,US,2022-11-14 05:15:02
80,Santa Rosa,14.3122,121.1114,92.1,broken clouds,67,77,14.81,PH,2022-11-14 05:13:12
81,Bajil,15.0584,43.2851,79.5,clear sky,65,0,2.51,YE,2022-11-14 05:15:03
82,Biak,-0.9131,122.8766,84.34,broken clouds,69,78,2.19,ID,2022-11-14 05:14:06
83,Chuy,-33.6971,-53.4616,65.62,overcast clouds,99,100,1.77,UY,2022-11-14 05:15:04
84,Kodiak,57.79,-152.4072,35.11,clear sky,87,0,3.44,US,2022-11-14 05:15:05
85,Moerai,-22.4333,-151.3333,70.07,few clouds,62,24,4.81,PF,2022-11-14 05:05:21
86,Lompoc,34.6391,-120.4579,52.21,clear sky,77,0,9.22,US,2022-11-14 05:15:06
87,Avarua,-21.2078,-159.775,73.45,broken clouds,64,75,11.5,CK,2022-11-14 05:15:06
88,Mehamn,71.0357,27.8492,30.15,clear sky,86,0,10.36,NO,2022-11-14 05:15:07
89,Hobart,-42.8794,147.3294,57.25,broken clouds,80,75,17.27,AU,2022-11-14 05:12:28
90,La Palma,33.8464,-118.0467,60.82,clear sky,69,0,5.75,US,2022-11-14 05:16:08
91,Qaanaaq,77.484,-69.3632,-6.65,broken clouds,91,63,4.05,GL,2022-11-14 05:16:08
92,Longyearbyen,78.2186,15.6401,28.24,light shower snow,86,75,8.05,SJ,2022-11-14 05:16:09
93,Kidal,18.4411,1.4078,70.75,scattered clouds,19,35,12.21,ML,2022-11-14 05:16:09
94,Severo-Yeniseyskiy,60.3725,93.0408,8.01,overcast clouds,92,100,3.85,RU,2022-11-14 05:16:10
95,Tayzhina,53.6679,87.4362,34.66,broken clouds,75,82,8.3,RU,2022-11-14 05:16:11
96,San-Pedro,4.7485,-6.6363,76.57,light rain,88,86,1.88,CI,2022-11-14 05:16:12
97,Emerald,-23.5333,148.1667,93.34,scattered clouds,39,28,5.64,AU,2022-11-14 05:16:12
98,Haines Junction,60.7522,-137.5108,39.15,broken clouds,75,55,3.44,CA,2022-11-14 05:16:13
99,Hovd,48.0056,91.6419,34.95,broken clouds,36,56,1.23,MN,2022-11-14 05:16:14
100,Charters Towers,-20.1,146.2667,96.03,broken clouds,30,54,1.1,AU,2022-11-14 05:16:14
101,Cabo San Lucas,22.8909,-109.9124,73.51,clear sky,76,6,4.0,MX,2022-11-14 05:14:42
102,Palana,59.1167,159.9667,12.04,scattered clouds,81,33,7.83,RU,2022-11-14 05:16:15
103,Chifeng,42.2683,118.9636,37.85,clear sky,65,2,8.61,CN,2022-11-14 05:16:16
104,Fairbanks,64.8378,-147.7164,35.6,light rain,87,75,11.5,US,2022-11-14 05:15:00
105,Kaitangata,-46.2817,169.8464,58.53,broken clouds,75,54,13.09,NZ,2022-11-14 05:16:17
106,Shitkino,56.3703,98.3543,33.76,light snow,95,100,11.99,RU,2022-11-14 05:16:17
107,Coos Bay,43.3665,-124.2179,40.93,clear sky,95,0,0.0,US,2022-11-14 05:16:18
108,Stratford,41.1845,-73.1332,43.95,clear sky,69,0,5.75,US,2022-11-14 05:12:22
109,Tabriz,38.08,46.2919,36.86,clear sky,65,0,4.61,IR,2022-11-14 05:16:19
110,Georgiyevka,43.0369,74.7114,42.84,scattered clouds,52,33,13.42,KZ,2022-11-14 05:16:20
111,Dingle,10.9995,122.6711,85.15,broken clouds,74,84,14.63,PH,2022-11-14 05:16:20
112,Puerto Baquerizo Moreno,-0.9,-89.6,68.58,broken clouds,77,77,9.04,EC,2022-11-14 05:16:21
113,Samarai,-10.6167,150.6667,83.88,broken clouds,74,58,9.78,PG,2022-11-14 05:16:22
114,Hithadhoo,-0.6,73.0833,81.73,light rain,77,100,12.26,MV,2022-11-14 05:16:22
115,Hilo,19.7297,-155.09,74.93,broken clouds,85,75,3.44,US,2022-11-14 05:14:19
116,Sao Gabriel Da Cachoeira,-0.1303,-67.0892,76.48,overcast clouds,84,100,1.79,BR,2022-11-14 05:16:24
117,Tuatapere,-46.1333,167.6833,68.77,broken clouds,51,72,0.45,NZ,2022-11-14 05:16:24
118,Vitim,59.4511,112.5578,2.79,overcast clouds,91,100,8.23,RU,2022-11-14 05:16:25
119,Merauke,-8.4667,140.3333,84.16,overcast clouds,73,97,12.3,ID,2022-11-14 05:16:25
120,Chulym,55.0997,80.9572,29.66,overcast clouds,83,100,16.35,RU,2022-11-14 05:16:26
121,Iqaluit,63.7506,-68.5145,19.13,light snow,86,75,0.0,CA,2022-11-14 05:16:27
122,East London,-33.0153,27.9116,65.34,clear sky,63,0,5.75,ZA,2022-11-14 05:16:28
123,Aljezur,37.3191,-8.8033,62.06,overcast clouds,93,92,3.78,PT,2022-11-14 05:16:28
124,Marawi,7.9986,124.2928,83.59,overcast clouds,58,94,6.76,PH,2022-11-14 05:16:29
125,Provideniya,64.3833,-173.3,14.36,clear sky,52,9,0.0,RU,2022-11-14 05:16:30
126,Lincoln,40.8,-96.667,35.51,overcast clouds,61,100,10.36,US,2022-11-14 05:14:59
127,Wanaka,-44.7,169.15,71.11,scattered clouds,44,49,11.99,NZ,2022-11-14 05:16:31
128,Ketchikan,55.3422,-131.6461,42.87,overcast clouds,94,100,2.19,US,2022-11-14 05:16:32
129,Bluff,-46.6,168.3333,60.22,broken clouds,73,67,15.61,NZ,2022-11-14 05:16:32
130,Lokoja,7.8024,6.743,73.51,overcast clouds,66,93,1.21,NG,2022-11-14 05:16:33
131,Impfondo,1.6381,18.0667,69.51,overcast clouds,95,86,1.48,CG,2022-11-14 05:16:34
132,Vaini,-21.2,-175.2,75.36,light intensity shower rain,100,100,8.05,TO,2022-11-14 05:16:34
133,Namibe,-15.1961,12.1522,65.03,few clouds,72,14,6.6,AO,2022-11-14 05:16:35
134,Bambous Virieux,-20.3428,57.7575,78.22,light rain,94,75,2.3,MU,2022-11-14 05:17:36
135,Victoria,22.2855,114.1577,81.03,scattered clouds,71,50,11.01,HK,2022-11-14 05:17:36
136,Takoradi,4.8845,-1.7554,77.72,scattered clouds,84,48,1.95,GH,2022-11-14 05:17:37
137,Pitea,65.3172,21.4794,21.29,few clouds,83,12,2.33,SE,2022-11-14 05:17:37
138,Timra,62.487,17.3257,37.67,overcast clouds,93,100,9.22,SE,2022-11-14 05:17:38
139,Mahibadhoo,3.7833,72.9667,77.32,overcast clouds,84,100,9.84,MV,2022-11-14 05:17:38
140,Tasiilaq,65.6145,-37.6368,35.76,moderate rain,93,100,36.84,GL,2022-11-14 05:17:39
141,Berlevag,70.8578,29.0864,33.6,few clouds,93,20,11.5,NO,2022-11-14 05:17:39
142,Veraval,20.9,70.3667,83.75,clear sky,40,2,6.51,IN,2022-11-14 05:17:40
143,Labuhan,-6.8844,112.2051,87.37,light rain,64,96,6.85,ID,2022-11-14 05:17:40
144,Ayan,56.45,138.1667,25.75,clear sky,64,7,7.11,RU,2022-11-14 05:17:41
145,Dikson,73.5069,80.5464,6.87,overcast clouds,95,100,8.59,RU,2022-11-14 05:17:41
146,Nanortalik,60.1432,-45.2371,33.69,overcast clouds,72,96,8.61,GL,2022-11-14 05:17:42
147,Meulaboh,4.1363,96.1285,77.22,overcast clouds,86,100,0.78,ID,2022-11-14 05:17:43
148,Nandurbar,21.3667,74.25,80.82,clear sky,35,4,10.63,IN,2022-11-14 05:17:43
149,Kapiri Mposhi,-13.9652,28.6809,67.12,overcast clouds,82,94,2.51,ZM,2022-11-14 05:17:44
150,Yumen,40.2833,97.2,43.66,clear sky,21,0,5.28,CN,2022-11-14 05:17:44
151,Chokurdakh,70.6333,147.9167,-16.15,overcast clouds,97,100,7.7,RU,2022-11-14 05:17:45
152,Russell,32.3502,-85.1999,37.0,clear sky,75,0,0.0,US,2022-11-14 05:15:42
153,Severobaykalsk,55.65,109.3167,29.53,overcast clouds,77,91,8.12,RU,2022-11-14 05:17:46
154,Cascais,38.6979,-9.4215,63.52,overcast clouds,100,100,13.0,PT,2022-11-14 05:17:46
155,Great Falls,47.5002,-111.3008,26.69,broken clouds,82,75,14.97,US,2022-11-14 05:13:22
156,Summerland,49.5998,-119.6691,31.59,broken clouds,76,75,6.91,CA,2022-11-14 05:15:42
157,Nyurba,63.2842,118.3319,-13.27,broken clouds,93,52,5.03,RU,2022-11-14 05:17:47
158,Palmares Do Sul,-30.2578,-50.5097,67.91,overcast clouds,96,100,9.98,BR,2022-11-14 05:17:48
159,Kutum,14.2,24.6667,60.28,clear sky,27,1,5.79,SD,2022-11-14 05:17:48
160,Sorland,67.667,12.6934,42.66,clear sky,78,0,7.07,NO,2022-11-14 05:17:49
161,Mana,5.6592,-53.7767,78.26,overcast clouds,87,100,10.22,GF,2022-11-14 05:17:49
162,Bengkulu,-3.8004,102.2655,75.16,moderate rain,94,100,9.51,ID,2022-11-14 05:17:50
163,Torbay,47.6666,-52.7314,36.28,overcast clouds,88,100,4.61,CA,2022-11-14 05:17:50
164,Jumla,29.2747,82.1838,58.62,broken clouds,28,80,5.32,NP,2022-11-14 05:17:51
165,Syracuse,37.0881,15.2792,56.57,light rain,78,15,3.87,IT,2022-11-14 05:15:00
166,Fare,-16.7,-151.0167,75.4,overcast clouds,85,100,11.83,PF,2022-11-14 05:17:51
167,Cidreira,-30.1811,-50.2056,68.04,overcast clouds,95,100,17.25,BR,2022-11-14 05:17:52
168,Cherskiy,68.75,161.3,-12.96,overcast clouds,100,99,4.27,RU,2022-11-14 05:17:52
169,Arraial Do Cabo,-22.9661,-42.0278,73.24,overcast clouds,95,89,19.51,BR,2022-11-14 05:17:53
170,Norman Wells,65.282,-126.8329,8.64,few clouds,85,20,5.75,CA,2022-11-14 05:17:53
171,Porto Nacional,-10.7081,-48.4172,78.8,few clouds,71,15,3.76,BR,2022-11-14 05:17:54
172,Bacungan,9.9106,118.7022,89.65,broken clouds,66,75,20.71,PH,2022-11-14 05:17:55
173,Turtas,58.9417,69.1325,27.86,light snow,94,100,10.38,RU,2022-11-14 05:17:55
174,Havelock,34.8791,-76.9013,48.94,clear sky,79,0,14.97,US,2022-11-14 05:17:56
175,Katsuura,35.1333,140.3,60.53,broken clouds,61,83,17.92,JP,2022-11-14 05:17:56
176,Cockburn Town,21.4612,-71.1419,80.85,scattered clouds,75,41,13.67,TC,2022-11-14 05:17:52
177,Trinidad,-14.8333,-64.9,80.38,broken clouds,61,72,3.44,BO,2022-11-14 05:17:57
178,Naze,28.3667,129.4833,68.92,few clouds,70,17,16.71,JP,2022-11-14 05:17:58
179,Ouesso,1.6136,16.0517,68.74,overcast clouds,98,100,0.51,CG,2022-11-14 05:17:58
180,Chirongui,-12.9319,45.1483,82.33,light rain,79,6,2.66,YT,2022-11-14 05:17:58
181,Vestmanna,62.1564,-7.1664,49.12,scattered clouds,93,40,16.11,FO,2022-11-14 05:17:59
182,Yellowknife,62.456,-114.3525,23.52,light snow,93,75,11.5,CA,2022-11-14 05:19:00
183,Peleduy,59.6289,112.7406,1.0,overcast clouds,89,100,8.23,RU,2022-11-14 05:19:00
184,Huarmey,-10.0681,-78.1522,63.57,scattered clouds,86,33,8.14,PE,2022-11-14 05:19:01
185,Visnes,59.3556,5.2242,42.85,fog,93,20,2.3,NO,2022-11-14 05:19:01
186,Waipawa,-41.4122,175.5153,58.73,clear sky,63,1,7.83,NZ,2022-11-14 05:19:02
187,Severo-Kurilsk,50.6789,156.125,32.49,snow,97,100,48.72,RU,2022-11-14 05:19:02
188,Thinadhoo,0.5333,72.9333,81.82,overcast clouds,77,100,13.8,MV,2022-11-14 05:19:03
189,Srandakan,-7.9386,110.2506,84.16,light rain,74,100,7.9,ID,2022-11-14 05:19:03
190,Zarautz,43.2844,-2.1699,64.35,light rain,74,76,4.47,ES,2022-11-14 05:19:04
191,Pisco,-13.7,-76.2167,64.45,overcast clouds,82,100,8.05,PE,2022-11-14 05:19:04
192,Lebowakgomo,-24.2,29.5,63.5,clear sky,79,4,7.11,ZA,2022-11-14 05:19:05
193,San Onofre,9.7359,-75.5263,75.56,light rain,90,99,3.38,CO,2022-11-14 05:19:05
194,Grand Gaube,-20.0064,57.6608,77.38,scattered clouds,62,41,1.99,MU,2022-11-14 05:19:06
195,Cepu,-7.1475,111.5906,88.63,moderate rain,64,95,4.61,ID,2022-11-14 05:19:06
196,Pangnirtung,66.1451,-65.7125,9.75,broken clouds,87,79,5.14,CA,2022-11-14 05:19:07
197,Te Karaka,-38.4654,177.8679,63.16,broken clouds,82,78,5.99,NZ,2022-11-14 05:19:07
198,Ileza,61.0533,43.9002,25.23,broken clouds,76,56,11.12,RU,2022-11-14 05:19:08
199,Port Elizabeth,-33.918,25.5701,62.89,scattered clouds,67,40,2.3,ZA,2022-11-14 05:19:08
200,Nemuro,43.3236,145.575,42.21,overcast clouds,60,96,26.75,JP,2022-11-14 05:19:09
201,Zeya,53.75,127.2667,19.89,overcast clouds,83,97,2.57,RU,2022-11-14 05:19:09
202,Dudinka,69.4058,86.1778,-32.21,few clouds,98,12,3.31,RU,2022-11-14 05:19:10
203,Tendo,38.3536,140.3697,53.53,few clouds,58,20,6.91,JP,2022-11-14 05:19:10
204,Gaoua,10.2992,-3.2508,74.73,few clouds,67,12,0.76,BF,2022-11-14 05:19:11
205,Acarau,-2.8856,-40.12,79.56,broken clouds,80,75,12.62,BR,2022-11-14 05:19:12
206,Bukama,-9.2,25.85,69.31,overcast clouds,95,94,0.29,CD,2022-11-14 05:19:12
207,Koumra,8.9126,17.5539,70.36,clear sky,42,7,2.01,TD,2022-11-14 05:19:13
208,Madras,13.0878,80.2785,82.38,mist,89,75,5.75,IN,2022-11-14 05:14:55
209,Suhbaatar,50.2314,106.2078,25.29,few clouds,54,20,4.63,MN,2022-11-14 05:19:14
210,Hualmay,-11.0964,-77.6139,63.27,few clouds,85,21,7.94,PE,2022-11-14 05:19:14
211,Itarema,-2.9248,-39.9167,79.48,broken clouds,80,73,12.01,BR,2022-11-14 05:19:15
212,Coihaique,-45.5752,-72.0662,51.75,few clouds,82,20,5.75,CL,2022-11-14 05:18:25
213,Srednekolymsk,67.45,153.6833,-31.5,broken clouds,100,54,5.46,RU,2022-11-14 05:19:16
214,Yaan,7.3833,8.5667,71.91,broken clouds,51,84,2.53,NG,2022-11-14 05:19:16
215,Esperance,-33.8667,121.9,61.48,scattered clouds,57,32,12.26,AU,2022-11-14 05:19:17
216,Dahuk,36.8695,42.994,55.35,clear sky,39,0,1.9,IQ,2022-11-14 05:19:17
217,Mecca,21.4267,39.8261,79.0,clear sky,67,0,1.54,SA,2022-11-14 05:16:08
218,Hami,42.8,93.45,44.22,clear sky,30,2,2.04,CN,2022-11-14 05:19:18
219,Calbuco,-41.768,-73.1273,54.61,overcast clouds,90,89,17.56,CL,2022-11-14 05:19:19
220,Khor,47.8861,134.9464,30.58,overcast clouds,32,100,9.55,RU,2022-11-14 05:19:19
221,Ahipara,-35.1667,173.1667,64.85,clear sky,69,0,9.33,NZ,2022-11-14 05:19:20
222,Poum,-20.2333,164.0167,75.99,scattered clouds,81,28,14.74,NC,2022-11-14 05:19:20
223,Ossora,59.2353,163.0719,13.53,broken clouds,81,72,5.57,RU,2022-11-14 05:19:21
224,Honningsvag,70.9821,25.9704,35.35,light rain,80,0,6.91,NO,2022-11-14 05:19:21
225,Cedar City,37.6775,-113.0619,25.77,few clouds,80,20,8.05,US,2022-11-14 05:16:19
226,Kenai,60.5544,-151.2583,35.15,light snow,100,100,17.27,US,2022-11-14 05:20:22
227,Ribeira Grande,38.5167,-28.7,67.77,overcast clouds,90,87,18.99,PT,2022-11-14 05:20:23
228,Marsa Matruh,31.3525,27.2453,66.15,light rain,71,40,10.94,EG,2022-11-14 05:20:23
229,Tazovskiy,67.4667,78.7,-12.3,overcast clouds,86,91,8.19,RU,2022-11-14 05:20:24
230,Barra Patuca,15.8,-84.2833,77.88,moderate rain,85,64,7.92,HN,2022-11-14 05:20:25
231,Sioux Lookout,50.1001,-91.917,19.47,overcast clouds,79,100,3.44,CA,2022-11-14 05:20:26
232,Isangel,-19.55,169.2667,79.95,few clouds,78,19,9.01,VU,2022-11-14 05:20:26
233,Sisophon,13.5859,102.9737,88.18,overcast clouds,60,95,9.78,KH,2022-11-14 05:20:27
234,Akyab,20.15,92.9,82.0,clear sky,51,0,4.32,MM,2022-11-14 05:20:27
235,Saint-Pierre,-21.3393,55.4781,78.91,few clouds,88,20,19.57,RE,2022-11-14 05:20:28
236,Coaticook,45.1334,-71.7991,29.97,overcast clouds,84,97,11.63,CA,2022-11-14 05:20:29
237,Paamiut,61.994,-49.6678,31.66,overcast clouds,87,100,23.71,GL,2022-11-14 05:20:29
238,Caravelas,-17.7125,-39.2481,75.24,overcast clouds,89,100,8.28,BR,2022-11-14 05:20:30
239,Yelizovo,53.1873,158.3805,21.34,broken clouds,67,75,7.0,RU,2022-11-14 05:20:30
240,Mount Isa,-20.7333,139.5,92.97,scattered clouds,43,40,12.66,AU,2022-11-14 05:20:31
241,Kavieng,-2.5744,150.7967,84.81,light rain,70,100,13.71,PG,2022-11-14 05:20:32
242,Muros,42.7762,-9.0603,50.14,overcast clouds,95,97,3.11,ES,2022-11-14 05:20:32
243,Viedma,-40.8135,-62.9967,55.47,overcast clouds,80,100,7.61,AR,2022-11-14 05:20:33
244,Whakatane,-37.9585,176.9854,71.78,broken clouds,62,73,6.42,NZ,2022-11-14 05:20:33
245,Nador,35.174,-2.9287,62.85,few clouds,88,20,8.05,MA,2022-11-14 05:20:34
246,Puerto Escondido,15.85,-97.0667,79.63,few clouds,65,20,3.44,MX,2022-11-14 05:20:34
247,Karratha,-20.7377,116.8463,86.7,clear sky,38,0,15.82,AU,2022-11-14 05:20:35
248,Kruisfontein,-34.0033,24.7314,57.88,clear sky,59,0,3.53,ZA,2022-11-14 05:20:36
249,Saint George,37.1041,-113.5841,41.25,clear sky,58,0,10.36,US,2022-11-14 05:20:36
250,Lavrentiya,65.5833,-171.0,13.53,clear sky,71,1,4.76,RU,2022-11-14 05:20:37
251,Lamar,33.6668,-95.5836,41.36,clear sky,69,0,8.05,US,2022-11-14 05:20:37
252,Basoko,1.2391,23.616,70.48,broken clouds,89,62,0.58,CD,2022-11-14 05:20:38
253,Souillac,-20.5167,57.5167,70.18,light rain,94,75,2.3,MU,2022-11-14 05:20:39
254,Henties Bay,-22.116,14.2845,58.28,clear sky,93,10,4.36,NA,2022-11-14 05:20:39
255,Kasongo-Lunda,-6.4667,16.8167,68.4,overcast clouds,87,91,1.41,CD,2022-11-14 05:20:39
256,Yishui,35.7847,118.6281,53.8,overcast clouds,30,96,5.61,CN,2022-11-14 05:20:40
257,Te Anau,-45.4167,167.7167,68.86,scattered clouds,47,44,8.39,NZ,2022-11-14 05:20:41
258,Emba,48.8264,58.1442,36.81,overcast clouds,96,100,23.35,KZ,2022-11-14 05:20:41
259,Harper,4.375,-7.7169,76.69,moderate rain,89,75,6.17,LR,2022-11-14 05:20:42
260,Fort Stewart,31.8722,-81.61,48.74,clear sky,62,0,4.61,US,2022-11-14 05:20:42
261,Bereda,43.2686,-7.5406,49.41,overcast clouds,100,99,2.13,ES,2022-11-14 05:20:43
262,Hermanus,-34.4187,19.2345,62.8,broken clouds,81,75,10.96,ZA,2022-11-14 05:20:43
263,Lebu,-37.6167,-73.65,52.68,overcast clouds,89,95,8.48,CL,2022-11-14 05:20:43
264,Alzamay,55.5562,98.6644,36.86,overcast clouds,76,100,12.93,RU,2022-11-14 05:20:44
265,San Cristobal,7.7669,-72.225,66.38,overcast clouds,99,100,0.36,VE,2022-11-14 05:20:44
266,Tiarei,-17.5333,-149.3333,75.22,overcast clouds,79,100,5.97,PF,2022-11-14 05:20:45
267,Quang Ngai,15.1167,108.8,85.35,overcast clouds,67,100,6.53,VN,2022-11-14 05:18:02
268,Chitrakonda,18.1167,82.0833,77.04,clear sky,55,0,3.85,IN,2022-11-14 05:20:45
269,Georgetown,5.4112,100.3354,85.95,scattered clouds,82,40,8.05,MY,2022-11-14 05:20:46
270,Bethel,41.3712,-73.414,39.76,clear sky,65,0,8.05,US,2022-11-14 05:20:46
271,Flinders,-34.5833,150.8552,78.19,few clouds,48,11,11.99,AU,2022-11-14 05:21:47
272,Songjianghe,42.1859,127.479,38.82,scattered clouds,39,33,9.84,CN,2022-11-14 05:21:47
273,Japura,-0.3167,102.35,86.32,overcast clouds,64,100,4.65,ID,2022-11-14 05:21:48
274,Egvekinot,66.3167,-179.1667,-3.71,broken clouds,90,69,1.99,RU,2022-11-14 05:21:48
275,Alice Springs,-23.7,133.8833,81.95,clear sky,24,0,11.5,AU,2022-11-14 05:21:49
276,Carauari,-4.8828,-66.8958,75.4,broken clouds,84,64,2.3,BR,2022-11-14 05:21:49
277,Tezu,27.9167,96.1667,78.82,clear sky,34,0,3.47,IN,2022-11-14 05:21:50
278,Guinticgan,11.5641,123.1236,84.7,scattered clouds,74,29,13.44,PH,2022-11-14 05:21:51
279,Deputatskiy,69.3,139.9,-23.26,overcast clouds,92,100,5.08,RU,2022-11-14 05:21:51
280,Ormara,25.2088,64.6357,81.1,clear sky,38,0,6.17,PK,2022-11-14 05:21:52
281,Shaowu,27.3409,117.4831,74.98,overcast clouds,59,85,2.89,CN,2022-11-14 05:21:52
282,Tazmalt,36.3868,4.3989,58.75,clear sky,61,8,4.34,DZ,2022-11-14 05:21:53
283,Itoman,26.1247,127.6694,77.77,broken clouds,67,75,18.41,JP,2022-11-14 05:21:53
284,Sinnamary,5.3833,-52.95,77.79,overcast clouds,88,96,9.55,GF,2022-11-14 05:21:53
285,Barra Do Garcas,-15.89,-52.2567,74.61,broken clouds,66,53,2.84,BR,2022-11-14 05:21:54
286,Korla,41.7597,86.1469,42.17,clear sky,40,0,5.44,CN,2022-11-14 05:21:54
287,Lagoa,39.05,-27.9833,65.07,overcast clouds,89,94,30.85,PT,2022-11-14 05:21:55
288,Westport,41.1415,-73.3579,42.75,clear sky,68,0,5.75,US,2022-11-14 05:21:55
289,Mezen,65.8522,44.24,25.63,scattered clouds,73,38,5.57,RU,2022-11-14 05:21:56
290,Chara,56.9064,118.2631,16.07,overcast clouds,75,100,1.43,RU,2022-11-14 05:20:30
291,Dongsheng,39.8161,109.9776,41.49,clear sky,25,0,19.53,CN,2022-11-14 05:21:56
292,Nishihara,26.1842,127.7558,77.05,broken clouds,69,75,18.41,JP,2022-11-14 05:21:57
293,Nebolchi,59.1239,33.3454,29.5,clear sky,87,8,2.93,RU,2022-11-14 05:21:57
294,Godfrey,38.9556,-90.1868,30.74,clear sky,83,0,3.44,US,2022-11-14 05:21:58
295,Trofors,65.5333,13.4063,35.47,overcast clouds,75,100,1.86,NO,2022-11-14 05:21:59
296,Tahe,52.3333,124.7333,24.93,broken clouds,69,83,1.14,CN,2022-11-14 05:21:59
297,Nueva Gerona,21.8833,-82.8,78.71,clear sky,75,0,11.95,CU,2022-11-14 05:22:00
298,Quelimane,-17.8786,36.8883,82.35,scattered clouds,83,40,8.05,MZ,2022-11-14 05:22:00
299,Jinchang,38.4953,102.1739,44.38,clear sky,23,0,4.07,CN,2022-11-14 05:22:00
300,Gamba,-2.65,10.0,74.55,light rain,90,95,6.26,GA,2022-11-14 05:22:01
301,Grindavik,63.8424,-22.4338,46.35,clear sky,93,0,6.91,IS,2022-11-14 05:22:02
302,Sistranda,63.7256,8.834,44.56,overcast clouds,71,100,6.64,NO,2022-11-14 05:22:02
303,Ondangwa,-17.9167,15.95,60.8,scattered clouds,33,35,0.0,NA,2022-11-14 05:22:03
304,Cayenne,4.9333,-52.3333,75.24,broken clouds,100,75,0.0,GF,2022-11-14 05:22:04
305,Nome,64.5011,-165.4064,17.67,clear sky,67,0,0.0,US,2022-11-14 05:22:04
306,Dubti,11.7361,41.0853,78.98,clear sky,46,0,6.93,ET,2022-11-14 05:22:05
307,Poya,-21.35,165.15,78.69,scattered clouds,70,29,9.44,NC,2022-11-14 05:22:05
308,Antofagasta,-23.65,-70.4,60.08,clear sky,68,6,7.83,CL,2022-11-14 05:22:06
309,Tilichiki,60.4667,166.1,20.89,light snow,95,100,5.57,RU,2022-11-14 05:22:06
310,Mersing,2.4312,103.8405,87.71,few clouds,70,20,6.91,MY,2022-11-14 05:22:08
311,Donskoye,45.4552,41.9741,46.53,overcast clouds,84,99,15.05,RU,2022-11-14 05:22:08
312,Kimbe,-5.5502,150.1429,80.94,moderate rain,87,100,4.94,PG,2022-11-14 05:22:09
313,Kiunga,-6.1219,141.2906,83.62,overcast clouds,92,94,2.66,PG,2022-11-14 05:22:09
314,Yuzhou,34.1628,113.4639,60.06,broken clouds,34,61,4.34,CN,2022-11-14 05:22:10
315,Leibnitz,46.7816,15.5384,46.29,clear sky,92,6,1.52,AT,2022-11-14 05:23:10
316,Walvis Bay,-22.9575,14.5053,58.15,overcast clouds,88,100,9.22,NA,2022-11-14 05:23:11
317,Husavik,66.0449,-17.3389,47.19,overcast clouds,86,100,17.2,IS,2022-11-14 05:23:11
318,Bridlington,54.0831,-0.1919,53.02,broken clouds,95,83,5.01,GB,2022-11-14 05:23:12
319,Mahebourg,-20.4081,57.7,77.25,light rain,94,75,2.3,MU,2022-11-14 05:23:13
320,Ugoofaaru,5.6667,73.0,81.5,broken clouds,73,71,5.88,MV,2022-11-14 05:23:13
321,Bontang,0.1333,117.5,84.51,overcast clouds,69,97,6.46,ID,2022-11-14 05:23:14
322,Parapotamos,39.5492,20.3228,63.05,broken clouds,79,82,5.3,GR,2022-11-14 05:23:15
323,Matara,5.9485,80.5353,83.39,overcast clouds,69,92,2.33,LK,2022-11-14 05:23:16
324,Lorengau,-2.0226,147.2712,82.98,moderate rain,75,100,5.12,PG,2022-11-14 05:23:17
325,Verkhoyansk,67.5447,133.385,-11.54,overcast clouds,99,100,0.72,RU,2022-11-14 05:23:17
326,Yangambi,0.8102,24.4336,70.03,broken clouds,90,81,1.32,CD,2022-11-14 05:23:18
327,Tourlaville,49.6383,-1.5664,51.22,clear sky,100,0,11.5,FR,2022-11-14 05:23:18
328,Bani Walid,31.7566,13.9942,59.43,clear sky,56,2,3.91,LY,2022-11-14 05:23:19
329,Naliya,23.2667,68.8333,83.03,clear sky,41,0,2.64,IN,2022-11-14 05:23:20
330,Estevan,49.1334,-102.9842,12.54,overcast clouds,85,100,4.34,CA,2022-11-14 05:23:21
331,Bloemfontein,-29.1211,26.214,54.88,clear sky,82,0,5.75,ZA,2022-11-14 05:23:22
332,Galle,6.0367,80.217,82.74,overcast clouds,68,99,2.35,LK,2022-11-14 05:23:22
333,Fostoria,41.157,-83.4169,35.02,scattered clouds,87,29,5.59,US,2022-11-14 05:23:23
334,Sao Felix Do Xingu,-6.6447,-51.995,73.38,few clouds,82,15,1.61,BR,2022-11-14 05:23:24
335,Mar Del Plata,-38.0023,-57.5575,65.08,moderate rain,98,100,4.61,AR,2022-11-14 05:23:24
336,Mayumba,-3.432,10.6554,75.56,overcast clouds,83,94,4.27,GA,2022-11-14 05:23:25
337,Axim,4.8699,-2.2405,76.17,scattered clouds,90,35,2.89,GH,2022-11-14 05:23:25
338,Bathsheba,13.2167,-59.5167,81.21,few clouds,83,20,19.57,BB,2022-11-14 05:23:26
339,Paita,-5.0892,-81.1144,61.27,broken clouds,89,56,12.01,PE,2022-11-14 05:23:26
340,Longfeng,46.55,125.1167,33.57,overcast clouds,43,100,7.99,CN,2022-11-14 05:23:27
341,Saint Anthony,45.0205,-93.218,24.42,clear sky,71,0,3.44,US,2022-11-14 05:23:27
342,Sol-Iletsk,51.1631,54.9918,36.23,overcast clouds,96,100,16.08,RU,2022-11-14 05:23:28
343,Kitimat,54.0524,-128.6534,32.38,overcast clouds,97,100,3.29,CA,2022-11-14 05:23:28
344,Mae Hong Son,19.3003,97.9685,84.34,few clouds,58,20,3.44,TH,2022-11-14 05:20:38
345,Hambantota,6.1241,81.1185,82.74,light rain,89,75,5.75,LK,2022-11-14 05:23:29
346,Luena,-11.7833,19.9167,63.66,light rain,94,94,2.75,AO,2022-11-14 05:23:30
347,Amapa,1.0,-52.0,70.54,overcast clouds,99,100,1.39,BR,2022-11-14 05:23:30
348,Alofi,-19.0595,-169.9187,76.89,broken clouds,73,75,11.5,NU,2022-11-14 05:23:31
349,Omboue,-1.5746,9.2618,74.91,overcast clouds,92,100,7.85,GA,2022-11-14 05:23:31
350,Kieta,-6.2167,155.6333,84.27,overcast clouds,70,91,4.61,PG,2022-11-14 05:23:32
351,Addanki,15.8167,79.9833,81.1,broken clouds,72,74,8.9,IN,2022-11-14 05:23:32
352,Mount Pleasant,32.7941,-79.8626,48.18,clear sky,69,0,14.97,US,2022-11-14 05:19:22
353,Port Hardy,50.6996,-127.4199,41.18,overcast clouds,93,100,4.61,CA,2022-11-14 05:23:33
354,Sun Prairie,43.1836,-89.2137,24.73,broken clouds,81,75,0.0,US,2022-11-14 05:23:33
355,Broome,42.2506,-75.833,34.86,overcast clouds,88,100,8.05,US,2022-11-14 05:23:34
356,Roald,62.5833,6.1333,53.17,clear sky,81,0,6.91,NO,2022-11-14 05:23:34
357,Rocha,-34.4833,-54.3333,64.87,overcast clouds,99,100,4.7,UY,2022-11-14 05:23:35
358,Havre,49.5833,0.3333,50.4,broken clouds,100,75,4.61,FR,2022-11-14 05:23:35
359,Zakamensk,50.3741,103.2863,29.03,broken clouds,58,76,4.43,RU,2022-11-14 05:23:36
360,Bud,39.447,-86.1758,28.42,few clouds,81,14,1.97,US,2022-11-14 05:23:29
361,Kargasok,59.0556,80.8572,21.67,light snow,95,100,10.92,RU,2022-11-14 05:23:37
362,Esna,25.2934,32.554,64.42,clear sky,46,0,7.54,EG,2022-11-14 05:23:37
363,Dasoguz,41.8363,59.9666,51.75,overcast clouds,76,100,20.71,TM,2022-11-14 05:24:38
364,Alizai,33.5383,70.3462,49.77,overcast clouds,85,100,3.56,PK,2022-11-14 05:24:38
365,Tucuma,-0.1833,-50.05,77.18,overcast clouds,87,87,7.38,BR,2022-11-14 05:24:39
366,Mantua,45.1667,10.7833,51.04,overcast clouds,89,100,1.01,IT,2022-11-14 05:24:40
367,Launceston,-41.45,147.1667,65.8,light intensity shower rain,89,75,5.75,AU,2022-11-14 05:24:40
368,Newton,42.337,-71.2092,41.11,clear sky,67,0,11.5,US,2022-11-14 05:23:12
369,Mananjary,-21.2167,48.3333,78.78,light rain,67,26,0.72,MG,2022-11-14 05:24:41
370,Zabaykalsk,49.6333,117.3167,24.51,clear sky,63,4,7.47,RU,2022-11-14 05:24:41
371,Zhezkazgan,47.8043,67.7144,37.38,overcast clouds,93,100,17.9,KZ,2022-11-14 05:24:42
372,Batticaloa,7.7102,81.6924,80.28,overcast clouds,79,100,3.47,LK,2022-11-14 05:24:42
373,Aban,56.67,96.06,33.57,overcast clouds,88,100,13.82,RU,2022-11-14 05:24:42
374,Ostrovnoy,68.0531,39.5131,27.34,overcast clouds,93,93,9.89,RU,2022-11-14 05:24:43
375,San Juan,-31.5375,-68.5364,63.55,clear sky,36,0,7.29,AR,2022-11-14 05:24:43
376,Pamekasan,-7.1568,113.4746,87.33,light rain,64,95,3.69,ID,2022-11-14 05:24:44
377,Kikwit,-5.041,18.8162,69.71,light rain,98,100,1.99,CD,2022-11-14 05:24:44
378,Sao Joao Da Barra,-21.6403,-41.0511,73.89,broken clouds,92,84,16.2,BR,2022-11-14 05:24:45
379,Talnakh,69.4865,88.3972,-23.85,scattered clouds,82,29,3.44,RU,2022-11-14 05:24:45
380,Manikpur,25.0667,81.1167,76.62,clear sky,33,0,2.71,IN,2022-11-14 05:24:45
381,Laredo,27.5064,-99.5075,57.49,overcast clouds,82,100,10.36,US,2022-11-14 05:22:04
382,Miles City,46.4083,-105.8406,27.57,overcast clouds,86,100,4.61,US,2022-11-14 05:24:46
383,Kouango,4.9934,19.9619,69.46,scattered clouds,69,31,1.74,CF,2022-11-14 05:24:47
384,Baghdad,33.3406,44.4009,55.31,clear sky,71,0,4.61,IQ,2022-11-14 05:24:47
385,Puerto Parra,6.6515,-74.0573,71.67,broken clouds,98,75,1.07,CO,2022-11-14 05:24:47
386,Fort Saint James,54.4333,-124.25,17.46,overcast clouds,99,100,2.42,CA,2022-11-14 05:24:48
387,Jhargram,22.45,86.9833,79.03,clear sky,34,1,10.04,IN,2022-11-14 05:24:48
388,Sorong,-0.8833,131.25,83.32,light rain,77,100,6.42,ID,2022-11-14 05:24:49
389,Bakel,14.905,-12.4568,81.48,broken clouds,19,73,5.1,SN,2022-11-14 05:24:49
390,Bejar,40.3864,-5.7634,51.58,overcast clouds,93,96,6.08,ES,2022-11-14 05:24:50
391,Quixeramobim,-5.1992,-39.2928,76.59,few clouds,82,13,5.79,BR,2022-11-14 05:24:51
392,Aleksandrov Gay,50.147,48.5704,37.02,overcast clouds,74,87,23.87,RU,2022-11-14 05:24:51
393,Ouadda,8.0777,22.4007,66.49,clear sky,40,10,4.07,CF,2022-11-14 05:24:52
394,Havre-Saint-Pierre,50.2334,-63.5986,30.2,overcast clouds,68,100,14.97,CA,2022-11-14 05:24:52
395,Moquegua,-17.1956,-70.9353,60.12,clear sky,61,1,0.54,PE,2022-11-14 05:24:53
396,Gualeguay,-33.1416,-59.3097,61.05,overcast clouds,96,98,12.3,AR,2022-11-14 05:24:53
397,Mustasaari,63.1142,21.6822,33.75,broken clouds,100,75,4.61,FI,2022-11-14 05:24:54
398,Mbuji-Mayi,-6.15,23.6,69.98,overcast clouds,93,99,1.1,CD,2022-11-14 05:24:54
399,San Patricio,28.017,-97.5169,69.66,overcast clouds,73,100,10.36,US,2022-11-14 05:24:55
400,Mus,39.0,41.75,23.04,clear sky,47,0,2.24,TR,2022-11-14 05:24:34
401,Santa Isabel Do Rio Negro,-0.4139,-65.0192,76.73,moderate rain,87,94,2.57,BR,2022-11-14 05:24:56
402,Les Escoumins,48.1111,-69.0236,29.55,snow,99,100,9.33,CA,2022-11-14 05:21:18
403,Kashi,39.4547,75.9797,43.81,clear sky,36,0,2.24,CN,2022-11-14 05:24:56
404,Ribas Do Rio Pardo,-20.4431,-53.7592,74.79,light rain,64,33,5.53,BR,2022-11-14 05:24:57
405,Fort Nelson,58.8053,-122.7002,24.39,scattered clouds,93,40,0.0,CA,2022-11-14 05:24:58
406,Iacu,-12.7672,-40.2117,72.5,overcast clouds,85,88,3.51,BR,2022-11-14 05:24:58
407,Shenzhen,22.5455,114.0683,81.86,clear sky,65,6,7.52,CN,2022-11-14 05:22:14
408,Okhotsk,59.3833,143.3,10.45,broken clouds,75,84,9.73,RU,2022-11-14 05:25:59
409,Benghazi,32.1167,20.0667,65.48,scattered clouds,56,47,4.43,LY,2022-11-14 05:26:00
410,Mpongwe,-13.5091,28.155,65.16,light rain,94,82,1.25,ZM,2022-11-14 05:26:00
411,Kachug,53.9606,105.8817,29.12,overcast clouds,63,100,2.8,RU,2022-11-14 05:26:01
412,Muzaffarabad,34.37,73.4711,51.58,overcast clouds,91,100,3.18,PK,2022-11-14 05:26:02
413,Ambovombe,-25.1667,46.0833,79.02,clear sky,61,2,9.64,MG,2022-11-14 05:26:02
414,Inverness,57.4791,-4.224,53.51,overcast clouds,87,100,1.14,GB,2022-11-14 05:26:03
415,Columbus,39.9612,-82.9988,36.12,overcast clouds,87,100,4.61,US,2022-11-14 05:23:34
416,Port Lincoln,-34.7333,135.8667,60.76,overcast clouds,54,92,15.12,AU,2022-11-14 05:26:05
417,Qaqortoq,60.7167,-46.0333,31.37,overcast clouds,67,100,10.18,GL,2022-11-14 05:26:05
418,Jinxiang,27.4327,120.6062,63.84,overcast clouds,82,100,7.63,CN,2022-11-14 05:26:06
419,Dubovka,49.0583,44.829,41.95,broken clouds,68,72,22.57,RU,2022-11-14 05:26:06
420,Denpasar,-8.65,115.2167,87.46,broken clouds,74,75,11.5,ID,2022-11-14 05:26:07
421,Laguna,38.421,-121.4238,49.32,clear sky,75,0,4.61,US,2022-11-14 05:26:07
422,Gisors,49.2818,1.7801,45.68,few clouds,73,12,2.89,FR,2022-11-14 05:26:08
423,Gigmoto,13.7796,124.39,84.06,broken clouds,79,71,10.56,PH,2022-11-14 05:26:09
424,Qarayeri,40.7886,46.3066,54.48,few clouds,47,20,6.91,AZ,2022-11-14 05:26:09
425,Morro Bay,35.3658,-120.8499,53.15,clear sky,44,2,5.21,US,2022-11-14 05:24:26
426,Bestobe,52.4994,73.0975,36.01,overcast clouds,77,94,25.1,KZ,2022-11-14 05:26:10
427,Skegness,53.1436,0.3363,50.02,scattered clouds,84,46,8.1,GB,2022-11-14 05:26:11
428,Misratah,32.3754,15.0925,66.11,few clouds,66,14,9.46,LY,2022-11-14 05:26:11
429,Yerbogachen,61.2767,108.0108,-9.51,overcast clouds,86,95,8.32,RU,2022-11-14 05:26:12
430,Champasak,14.75,106.0,94.46,overcast clouds,41,89,0.38,LA,2022-11-14 05:26:13
431,Kapuskasing,49.4169,-82.4331,23.09,overcast clouds,86,100,14.97,CA,2022-11-14 05:26:11
432,Dawson Creek,55.7666,-120.2362,19.35,scattered clouds,95,43,4.12,CA,2022-11-14 05:26:13
433,Grand-Santi,4.25,-54.3833,71.37,broken clouds,100,70,2.15,GF,2022-11-14 05:26:14
434,Yangjiang,21.85,111.9667,80.19,scattered clouds,68,30,12.15,CN,2022-11-14 05:26:15
435,Abhar,36.1468,49.218,46.15,clear sky,41,0,4.85,IR,2022-11-14 05:26:15
436,Hobyo,5.3505,48.5268,82.76,clear sky,62,10,15.03,SO,2022-11-14 05:26:16
437,Kilembe,0.2,30.0,63.66,overcast clouds,79,100,0.36,UG,2022-11-14 05:26:16
438,Nieuwpoort,51.1244,2.7735,38.01,mist,100,2,4.61,BE,2022-11-14 05:26:17
439,Manaure,11.7751,-72.4445,78.35,overcast clouds,86,100,4.0,CO,2022-11-14 05:26:18
440,Ullapool,57.8987,-5.1604,49.5,broken clouds,88,82,7.43,GB,2022-11-14 05:26:18
441,Lima,-12.0432,-77.0282,62.91,overcast clouds,85,100,4.61,PE,2022-11-14 05:26:19
442,Ambon,-3.6954,128.1814,89.74,scattered clouds,66,40,9.22,ID,2022-11-14 05:26:19
443,Nanchong,30.7951,106.0847,55.49,overcast clouds,68,100,4.12,CN,2022-11-14 05:26:20
444,Simplicio Mendes,-7.8539,-41.9103,81.5,overcast clouds,48,92,2.33,BR,2022-11-14 05:26:20
445,Kirksville,40.1948,-92.5833,27.05,clear sky,79,0,6.91,US,2022-11-14 05:22:01
446,Ballina,-28.8667,153.5667,88.02,broken clouds,57,58,15.32,AU,2022-11-14 05:22:09
447,Funadhoo,6.15,73.2667,81.39,overcast clouds,74,100,6.24,MV,2022-11-14 05:26:22
448,Port Macquarie,-31.4333,152.9167,89.89,scattered clouds,35,49,8.41,AU,2022-11-14 05:26:22
449,Knoxville,35.9606,-83.9207,33.75,scattered clouds,82,40,6.91,US,2022-11-14 05:23:27
450,Muqui,-20.956,-41.3531,69.55,broken clouds,93,83,2.39,BR,2022-11-14 05:26:23
451,Shingu,33.7333,135.9833,65.01,clear sky,47,0,2.84,JP,2022-11-14 05:21:32
452,Agadez,19.75,10.25,58.66,scattered clouds,28,29,8.88,NE,2022-11-14 05:27:24
453,Kotido,2.9806,34.1331,72.61,overcast clouds,62,97,12.03,UG,2022-11-14 05:27:24
454,Los Llanos De Aridane,28.6585,-17.9182,73.13,clear sky,37,0,8.05,ES,2022-11-14 05:27:25
455,Zhangye,38.9342,100.4517,47.7,clear sky,18,0,3.69,CN,2022-11-14 05:27:25
456,Kargopol,61.5071,38.9456,30.94,broken clouds,78,70,9.31,RU,2022-11-14 05:27:26
457,West Bay,19.3667,-81.4167,81.0,clear sky,83,2,1.99,KY,2022-11-14 05:25:51
458,Liberal,37.0431,-100.921,35.74,scattered clouds,51,40,11.5,US,2022-11-14 05:27:27
459,Sterling,39.0062,-77.4286,41.29,broken clouds,59,75,11.5,US,2022-11-14 05:26:51
460,Mama,58.3106,112.8986,19.81,light snow,95,100,5.23,RU,2022-11-14 05:27:28
461,Iracoubo,5.4802,-53.2011,78.1,overcast clouds,87,94,9.82,GF,2022-11-14 05:27:28
462,Tautira,-17.7333,-149.15,76.1,overcast clouds,81,100,6.6,PF,2022-11-14 05:27:29
463,Ceres,37.5949,-120.9577,49.05,clear sky,81,0,0.0,US,2022-11-14 05:27:25
464,Athabasca,54.7169,-113.2854,28.81,clear sky,86,8,9.26,CA,2022-11-14 05:27:30
465,Marsh Harbour,26.5412,-77.0636,78.13,clear sky,73,3,10.07,BS,2022-11-14 05:27:30
466,Avera,33.194,-82.5271,41.05,clear sky,51,0,8.72,US,2022-11-14 05:27:31
467,Cao Bang,22.6667,106.25,83.41,broken clouds,59,83,4.61,VN,2022-11-14 05:27:31
468,Chalchihuites,23.4833,-103.8833,48.83,clear sky,46,5,8.93,MX,2022-11-14 05:27:32
469,Dandong,40.1292,124.3947,45.25,clear sky,35,2,3.33,CN,2022-11-14 05:27:33
470,El Tigre,8.8875,-64.2454,74.89,overcast clouds,88,100,9.53,VE,2022-11-14 05:27:33
471,Varhaug,58.6147,5.6457,42.35,overcast clouds,81,100,20.98,NO,2022-11-14 05:27:34
472,Blythe,33.6103,-114.5964,54.05,clear sky,32,0,6.91,US,2022-11-14 05:27:34
473,Jalu,29.0331,21.5482,57.13,few clouds,51,24,2.55,LY,2022-11-14 05:27:35
474,Mbandaka,0.0487,18.2603,70.48,broken clouds,96,80,2.42,CD,2022-11-14 05:27:36
475,Saldanha,-33.0117,17.9442,59.05,overcast clouds,75,100,6.44,ZA,2022-11-14 05:26:58
476,Laya,17.4726,121.4678,87.46,scattered clouds,62,37,1.66,PH,2022-11-14 05:27:37
477,Vagur,61.4732,-6.8119,49.73,overcast clouds,94,100,20.94,FO,2022-11-14 05:27:38
478,Tres Passos,-27.4556,-53.9319,64.27,overcast clouds,99,99,3.96,BR,2022-11-14 05:27:38
479,Barzas,55.7167,86.3167,30.2,overcast clouds,85,100,11.05,RU,2022-11-14 05:27:39
480,Seddon,-37.8068,144.8916,62.15,light intensity shower rain,84,100,19.57,AU,2022-11-14 05:27:39
481,Glendive,47.1053,-104.7125,20.82,overcast clouds,93,100,3.44,US,2022-11-14 05:23:20
482,Nettuno,41.4826,12.679,58.78,heavy intensity rain,75,100,11.61,IT,2022-11-14 05:27:40
483,Nyagan,62.1406,65.3936,8.13,overcast clouds,94,100,7.99,RU,2022-11-14 05:27:40
484,Menongue,-14.6585,17.691,68.13,scattered clouds,52,47,2.71,AO,2022-11-14 05:27:41
485,Port Augusta,-32.5,137.7667,69.17,few clouds,39,21,19.84,AU,2022-11-14 05:27:41
486,Petropavlovsk-Kamchatskiy,53.0452,158.6483,19.99,light snow,63,75,6.71,RU,2022-11-14 05:27:42
487,Xuddur,4.1213,43.8894,75.2,few clouds,77,12,13.6,SO,2022-11-14 05:27:43
488,Turukhansk,65.8167,87.9833,-8.57,clear sky,74,4,9.82,RU,2022-11-14 05:27:43
489,Mwingi,-0.9344,38.0601,68.94,light rain,83,88,2.59,KE,2022-11-14 05:27:44
490,Beian,63.6559,9.5683,51.01,clear sky,87,0,14.97,NO,2022-11-14 05:27:45
491,North Bend,43.4065,-124.2243,40.86,clear sky,95,0,0.0,US,2022-11-14 05:27:45
492,Flin Flon,54.7682,-101.865,5.9,few clouds,98,20,4.16,CA,2022-11-14 05:27:46
493,Acapulco,16.8634,-99.8901,78.62,clear sky,83,0,4.61,MX,2022-11-14 05:26:00
494,Chapais,49.7834,-74.8492,20.98,overcast clouds,98,93,3.49,CA,2022-11-14 05:27:46
495,Victor Harbor,-35.5667,138.6167,63.0,overcast clouds,66,90,1.01,AU,2022-11-14 05:27:47
496,Aswan,24.0934,32.907,67.3,clear sky,42,0,5.75,EG,2022-11-14 05:24:38
497,Marathon,44.9,-89.7668,24.04,scattered clouds,84,40,0.0,US,2022-11-14 05:27:48
498,Bima,-8.4667,118.7167,88.16,overcast clouds,68,97,2.04,ID,2022-11-14 05:27:49
499,Karangsembung,-6.8487,108.6422,85.96,broken clouds,69,71,5.73,ID,2022-11-14 05:27:50
500,Yaring,6.8662,101.3689,85.23,overcast clouds,70,100,5.26,TH,2022-11-14 05:27:51
501,Gornyy,55.1153,83.9059,28.8,overcast clouds,83,100,17.05,RU,2022-11-14 05:27:51
502,Nouadhibou,20.931,-17.0347,66.18,clear sky,94,3,12.66,MR,2022-11-14 05:28:51
503,Ewa Beach,21.3156,-158.0072,77.99,clear sky,66,0,11.99,US,2022-11-14 05:28:52
504,Borogontsy,62.6683,131.1683,-11.4,overcast clouds,97,100,2.77,RU,2022-11-14 05:28:52
505,El Bagre,7.5927,-74.8086,72.61,overcast clouds,99,99,0.87,CO,2022-11-14 05:28:53
506,Hokitika,-42.7167,170.9667,62.38,clear sky,72,3,4.94,NZ,2022-11-14 05:28:53
507,Shinuhayr,39.4367,46.3179,42.53,clear sky,45,0,6.85,AM,2022-11-14 05:28:54
508,Catacamas,14.8,-85.9,81.01,few clouds,88,20,0.0,HN,2022-11-14 05:28:54
509,Longido,-2.7333,36.6833,68.56,overcast clouds,72,99,6.31,TZ,2022-11-14 05:28:55
510,Asau,46.4333,26.4,42.28,clear sky,80,10,1.66,RO,2022-11-14 05:28:55
511,Rawlins,41.7911,-107.2387,16.36,few clouds,79,20,9.22,US,2022-11-14 05:28:56
512,Siderno,38.2779,16.302,62.33,broken clouds,87,56,0.6,IT,2022-11-14 05:28:56
513,Hamilton,39.1834,-84.5333,36.45,overcast clouds,74,100,4.61,US,2022-11-14 05:24:28
514,Ust-Nera,64.5667,143.2,-8.84,overcast clouds,98,100,3.22,RU,2022-11-14 05:28:57
515,Tura,25.5198,90.2201,76.53,clear sky,56,0,0.76,IN,2022-11-14 05:28:57
516,Leningradskiy,69.3833,178.4167,-0.36,broken clouds,91,72,9.55,RU,2022-11-14 05:28:58
517,Monrovia,6.3005,-10.7969,75.94,moderate rain,88,100,5.64,LR,2022-11-14 05:28:58
518,Champerico,14.3,-91.9167,78.37,light rain,82,58,3.15,GT,2022-11-14 05:28:59
519,Nampula,-15.1165,39.2666,76.95,clear sky,65,0,14.97,MZ,2022-11-14 05:28:59
520,Subottsi,48.6554,32.5209,38.46,scattered clouds,93,37,6.96,UA,2022-11-14 05:29:00
521,Abnub,27.2696,31.1511,61.02,clear sky,80,0,5.91,EG,2022-11-14 05:29:00
522,Ust-Kuyga,70.0167,135.6,-27.58,overcast clouds,99,100,3.91,RU,2022-11-14 05:29:01
523,East Stroudsburg,40.9995,-75.1813,39.34,clear sky,77,8,1.01,US,2022-11-14 05:29:01
524,La Rochelle,46.1667,-1.15,53.67,clear sky,87,0,11.5,FR,2022-11-14 05:24:51
525,Straumen,63.8709,11.2999,41.0,overcast clouds,87,100,1.21,NO,2022-11-14 05:29:02
526,Suhut,38.5311,30.5458,19.58,clear sky,58,0,3.96,TR,2022-11-14 05:29:02
527,Faanui,-16.4833,-151.75,75.72,overcast clouds,77,100,5.75,PF,2022-11-14 05:29:03
528,San Ramon,37.7799,-121.978,51.1,clear sky,73,0,4.61,US,2022-11-14 05:28:13
529,Chekhov,55.1431,37.4711,32.09,few clouds,74,23,12.21,RU,2022-11-14 05:27:13
530,Pandan,14.0453,124.1694,83.03,overcast clouds,84,94,12.24,PH,2022-11-14 05:29:04
531,Havoysund,70.9963,24.6622,35.83,light rain,97,100,11.59,NO,2022-11-14 05:29:05
532,Mount Gambier,-37.8333,140.7667,53.51,light intensity shower rain,87,75,23.02,AU,2022-11-14 05:29:06
533,Florianopolis,-27.6146,-48.5012,70.83,broken clouds,95,75,11.5,BR,2022-11-14 05:24:17
534,Bagdarin,54.4333,113.6,20.5,broken clouds,56,78,2.04,RU,2022-11-14 05:29:07
535,Oranjemund,-28.55,16.4333,61.63,clear sky,73,0,5.21,NA,2022-11-14 05:29:08
536,Korhogo,9.45,-5.6333,70.59,broken clouds,88,75,1.97,CI,2022-11-14 05:29:09
537,Lazaro Cardenas,17.9583,-102.2,76.28,few clouds,90,14,4.32,MX,2022-11-14 05:27:21
538,Kyshtovka,56.555,76.6271,30.0,light snow,97,100,13.24,RU,2022-11-14 05:29:10
539,Hirado,33.3597,129.5531,65.39,broken clouds,58,73,14.32,JP,2022-11-14 05:29:11
540,Winslow,35.0242,-110.6974,35.78,overcast clouds,75,100,5.75,US,2022-11-14 05:29:11
541,Navoi,40.0844,65.3792,44.08,overcast clouds,70,92,25.32,UZ,2022-11-14 05:29:12
542,Pundaguitan,6.3711,126.1689,83.52,overcast clouds,75,99,9.51,PH,2022-11-14 05:29:12
543,Paragould,36.0584,-90.4973,33.58,scattered clouds,82,43,5.95,US,2022-11-14 05:29:13
544,Whitianga,-36.8333,175.7,66.72,few clouds,71,20,2.51,NZ,2022-11-14 05:28:24
545,Abapo,-18.8333,-63.4667,66.99,broken clouds,91,67,3.24,BO,2022-11-14 05:29:14
546,Martinsburg,39.4562,-77.9639,39.6,overcast clouds,54,100,9.22,US,2022-11-14 05:29:14
547,Cortez,37.3489,-108.5859,34.56,overcast clouds,55,100,0.0,US,2022-11-14 05:29:15
548,Jacmel,18.2342,-72.5347,76.84,scattered clouds,84,50,3.8,HT,2022-11-14 05:30:16
549,Banyumas,-7.5142,109.2942,84.87,overcast clouds,75,95,5.1,ID,2022-11-14 05:30:17
550,Shizunai,42.3339,142.3669,45.01,clear sky,53,1,15.35,JP,2022-11-14 05:30:18
551,Gore,-46.1028,168.9436,66.38,scattered clouds,63,29,6.15,NZ,2022-11-14 05:30:19
552,Terrenate,19.4833,-97.9167,50.36,few clouds,86,21,3.49,MX,2022-11-14 05:30:19
553,Vavozh,56.7751,51.931,25.81,light snow,86,100,19.17,RU,2022-11-14 05:30:20
554,Talitsa,56.8804,60.0213,27.14,light snow,92,100,13.22,RU,2022-11-14 05:30:21
555,Port Blair,11.6667,92.75,84.24,broken clouds,74,75,9.22,IN,2022-11-14 05:30:21
556,Aykhal,66.0,111.5,-21.6,overcast clouds,99,95,5.1,RU,2022-11-14 05:25:50
557,Amarante Do Maranhao,-5.5667,-46.7422,72.79,few clouds,88,24,3.87,BR,2022-11-14 05:30:22
558,Pangkalanbuun,-2.6833,111.6167,85.96,light rain,72,100,2.48,ID,2022-11-14 05:30:23
559,Ola,59.5833,151.2833,3.15,overcast clouds,90,95,8.99,RU,2022-11-14 05:30:24
560,Port Hedland,-20.3167,118.5667,87.85,clear sky,48,0,14.97,AU,2022-11-14 05:30:25
561,Pospelikha,51.95,81.7667,35.94,overcast clouds,72,100,23.94,RU,2022-11-14 05:30:25
562,Hilton Head Island,32.2163,-80.7526,52.99,clear sky,70,0,17.27,US,2022-11-14 05:30:22
563,Araouane,18.9048,-3.5265,74.59,broken clouds,20,64,8.79,ML,2022-11-14 05:30:27
564,Jais,26.25,81.5333,78.1,clear sky,29,2,3.94,IN,2022-11-14 05:30:27
565,Trzebiatow,54.0615,15.2648,45.05,overcast clouds,80,100,11.1,PL,2022-11-14 05:30:28
566,Chimbote,-9.0853,-78.5783,62.29,scattered clouds,86,41,5.12,PE,2022-11-14 05:30:29
567,Gazojak,41.1875,61.4036,52.45,overcast clouds,62,100,23.94,TM,2022-11-14 05:30:29
568,Kamaishi,39.2667,141.8833,52.66,broken clouds,50,62,7.43,JP,2022-11-14 05:30:30
569,Sarandi,-23.4436,-51.8739,64.71,broken clouds,97,75,2.62,BR,2022-11-14 05:30:31
570,Jackson,42.4165,-122.8345,38.05,clear sky,81,0,0.0,US,2022-11-14 05:30:32
571,Valley City,46.9233,-98.0032,19.92,light snow,100,0,6.91,US,2022-11-14 05:26:13
572,Vaitape,-16.5167,-151.75,75.42,light rain,80,100,7.02,PF,2022-11-14 05:30:33
573,Novaya Igirma,57.1334,103.9112,33.12,light snow,94,100,9.51,RU,2022-11-14 05:30:33
574,Opuwo,-18.0607,13.84,72.14,clear sky,21,1,0.45,NA,2022-11-14 05:30:34
575,Vigrestad,58.5667,5.7,42.48,overcast clouds,79,100,22.53,NO,2022-11-14 05:30:35
576,Kochevo,59.5994,54.3125,20.32,light snow,89,100,12.17,RU,2022-11-14 05:30:36
577,Beringovskiy,63.05,179.3167,18.91,overcast clouds,81,100,8.68,RU,2022-11-14 05:30:36
578,Puerto Ayacucho,5.6639,-67.6236,75.61,scattered clouds,91,48,3.22,VE,2022-11-14 05:30:37
579,Saryagash,41.4511,69.1701,48.16,overcast clouds,39,99,10.47,KZ,2022-11-14 05:30:38
580,Apartado,7.883,-76.6259,72.48,overcast clouds,98,93,3.96,CO,2022-11-14 05:30:38
581,Pochutla,15.7432,-96.4661,74.82,clear sky,87,9,3.78,MX,2022-11-14 05:30:39
582,Vondrozo,-22.8167,47.2833,70.45,light rain,85,98,5.39,MG,2022-11-14 05:30:40
583,Mazagao,-0.115,-51.2894,80.65,overcast clouds,95,100,3.42,BR,2022-11-14 05:30:40
584,Riyadh,24.6877,46.7219,71.74,clear sky,49,0,10.92,SA,2022-11-14 05:28:56
585,Pierre,44.3683,-100.351,20.32,overcast clouds,93,100,17.27,US,2022-11-14 05:30:42
586,Luderitz,-26.6481,15.1594,68.61,clear sky,50,0,9.24,NA,2022-11-14 05:30:42
587,Vila Do Maio,15.1333,-23.2167,74.19,overcast clouds,78,88,16.04,CV,2022-11-14 05:30:43
588,Langxiang,46.95,128.8833,30.58,overcast clouds,30,100,2.01,CN,2022-11-14 05:30:43
589,Sept-Iles,50.2001,-66.3821,28.4,snow,94,100,8.05,CA,2022-11-14 05:30:44
590,Yamada,39.4667,141.95,52.03,broken clouds,49,69,9.89,JP,2022-11-14 05:30:44
591,Bandarbeyla,9.4942,50.8122,79.74,scattered clouds,67,41,15.37,SO,2022-11-14 05:29:25
592,Isilkul,54.9109,71.2728,32.72,light snow,99,100,15.37,RU,2022-11-14 05:30:45
593,Abong Mbang,3.9833,13.1833,68.9,few clouds,85,13,1.68,CM,2022-11-14 05:31:46
594,Melilla,35.2937,-2.9383,62.98,few clouds,88,20,8.05,ES,2022-11-14 05:31:47
595,Sibiti,-3.6819,13.3499,68.68,light rain,96,100,2.48,CG,2022-11-14 05:31:47
596,Kyra,49.5776,111.9753,29.64,clear sky,36,2,3.62,RU,2022-11-14 05:31:48
597,Concepcion Del Oro,24.6333,-101.4167,56.84,clear sky,36,0,2.93,MX,2022-11-14 05:31:48
598,Teguldet,57.3064,88.1667,32.85,light snow,98,100,8.08,RU,2022-11-14 05:31:49
599,Kloulklubed,7.0419,134.2556,84.7,broken clouds,77,73,10.8,PW,2022-11-14 05:31:49
600,Ferme-Neuve,46.7001,-75.4493,26.38,scattered clouds,58,39,8.68,CA,2022-11-14 05:31:50
601,Kathmandu,27.7167,85.3167,64.62,few clouds,63,20,2.3,NP,2022-11-14 05:31:51
602,Canon City,38.441,-105.2424,37.56,overcast clouds,65,100,5.75,US,2022-11-14 05:31:51
603,Svetlaya,46.5389,138.3297,34.38,few clouds,62,23,3.44,RU,2022-11-14 05:31:52
604,Kununurra,-15.7667,128.7333,102.18,overcast clouds,32,100,8.05,AU,2022-11-14 05:31:53
605,Rizhao,35.4275,119.4553,54.45,broken clouds,32,73,4.23,CN,2022-11-14 05:31:54
606,Karwar,14.8,74.1333,87.33,clear sky,55,2,1.63,IN,2022-11-14 05:31:55
607,Fremont,37.5483,-121.9886,52.66,clear sky,76,0,4.61,US,2022-11-14 05:28:54
608,Bonthe,7.5264,-12.505,73.4,moderate rain,95,98,1.16,SL,2022-11-14 05:31:55
609,Moose Factory,51.2585,-80.6094,26.6,overcast clouds,86,100,10.36,CA,2022-11-14 05:31:56
610,Catia La Mar,10.6038,-67.0303,81.99,scattered clouds,84,40,2.3,VE,2022-11-14 05:31:57
611,Waingapu,-9.6567,120.2641,85.86,overcast clouds,71,92,9.1,ID,2022-11-14 05:31:57
612,Nueva Helvecia,-34.3,-57.2333,64.6,overcast clouds,96,100,7.63,UY,2022-11-14 05:31:58
613,La Libertad,-2.2333,-80.9,67.78,overcast clouds,83,98,8.77,EC,2022-11-14 05:27:02
614,Morgan City,29.6994,-91.2068,42.01,clear sky,81,0,5.75,US,2022-11-14 05:31:59
615,Begoro,6.3871,-0.3774,68.81,scattered clouds,93,28,0.54,GH,2022-11-14 05:31:59
616,Kandrian,-6.2167,149.55,78.69,moderate rain,89,100,10.31,PG,2022-11-14 05:32:00
617,Tiznit,29.5833,-9.5,65.8,broken clouds,28,68,6.11,MA,2022-11-14 05:32:02
618,Maragogi,-9.0122,-35.2225,75.06,broken clouds,89,75,2.46,BR,2022-11-14 05:32:03
619,Martaban,16.5314,97.6111,89.6,broken clouds,53,52,4.72,MM,2022-11-14 05:32:03
620,Port Moresby,-9.4431,147.1797,85.42,haze,74,40,13.8,PG,2022-11-14 05:28:11
621,Gorin,51.1983,136.6669,25.12,overcast clouds,68,94,4.52,RU,2022-11-14 05:32:04
622,Kirakira,-10.4544,161.9205,82.58,overcast clouds,72,91,3.62,SB,2022-11-14 05:32:04
623,Rincon,32.296,-81.2354,49.84,clear sky,76,0,8.05,US,2022-11-14 05:29:10
624,Bisceglie,41.242,16.5044,58.19,overcast clouds,86,100,1.99,IT,2022-11-14 05:32:05
625,San Policarpo,12.1791,125.5072,83.28,light rain,82,36,10.42,PH,2022-11-14 05:32:06
626,Eirunepe,-6.6603,-69.8736,75.0,broken clouds,85,63,2.37,BR,2022-11-14 05:32:07
627,Smithers,54.7804,-127.1743,25.12,overcast clouds,86,100,3.44,CA,2022-11-14 05:32:07
628,Matagami,49.7502,-77.6328,21.31,light snow,93,100,6.91,CA,2022-11-14 05:32:08
629,Anadyr,64.75,177.4833,18.1,clear sky,79,0,8.95,RU,2022-11-14 05:32:08
630,Uruzgan,32.8333,66.0,48.7,clear sky,61,7,2.24,AF,2022-11-14 05:32:09
631,Lingdong,46.5669,131.1453,32.23,overcast clouds,25,100,3.76,CN,2022-11-14 05:32:10
632,Porto Novo,6.4965,2.6036,78.62,broken clouds,89,66,2.04,BJ,2022-11-14 05:32:10
633,Onojo,33.5357,130.4786,66.06,few clouds,45,20,6.91,JP,2022-11-14 05:28:53
634,Carndonagh,55.25,-7.2667,49.5,moderate rain,95,100,3.89,IE,2022-11-14 05:32:11
635,Swellendam,-34.0226,20.4417,66.22,scattered clouds,49,36,5.01,ZA,2022-11-14 05:32:12
636,Atbasar,51.8,68.3333,35.38,overcast clouds,99,100,20.0,KZ,2022-11-14 05:32:12
637,Vuktyl,63.8567,57.3094,13.23,light snow,95,100,5.95,RU,2022-11-14 05:32:13
638,Nouakchott,18.0858,-15.9785,67.93,clear sky,33,7,11.01,MR,2022-11-14 05:31:43
639,Xining,36.6167,101.7667,40.64,scattered clouds,44,44,3.89,CN,2022-11-14 05:32:14
640,Alugan,12.2188,125.4808,83.17,light rain,82,31,9.82,PH,2022-11-14 05:32:15
641,Rawson,-43.3002,-65.1023,62.74,clear sky,52,5,9.06,AR,2022-11-14 05:32:54
642,Ibra,22.6906,58.5334,82.44,clear sky,31,0,1.5,OM,2022-11-14 05:33:16
643,Neuquen,-38.9516,-68.0591,58.89,clear sky,47,0,9.22,AR,2022-11-14 05:33:17
644,Mabai,23.0128,104.4508,63.79,overcast clouds,80,91,4.45,CN,2022-11-14 05:33:18
645,Nizhneangarsk,55.7833,109.55,29.21,light snow,86,98,12.86,RU,2022-11-14 05:33:18
646,Parati,-23.2178,-44.7131,73.0,broken clouds,87,81,2.77,BR,2022-11-14 05:33:19
647,Luganville,-15.5333,167.1667,81.19,few clouds,79,18,2.08,VU,2022-11-14 05:33:20
648,Cairns,-16.9167,145.7667,95.07,scattered clouds,66,40,9.22,AU,2022-11-14 05:32:51
649,Xapuri,-10.6517,-68.5044,78.66,overcast clouds,65,88,3.24,BR,2022-11-14 05:33:20
650,Aripuana,-9.1667,-60.6333,75.09,few clouds,73,14,1.19,BR,2022-11-14 05:33:21
651,Port Keats,-14.25,129.55,88.7,overcast clouds,64,100,9.26,AU,2022-11-14 05:33:21
652,Les Cayes,18.2,-73.75,75.25,scattered clouds,86,30,3.65,HT,2022-11-14 05:33:22
653,Vostok,46.4856,135.8833,24.82,overcast clouds,67,99,2.89,RU,2022-11-14 05:33:23
654,Sibu,2.3,111.8167,82.71,scattered clouds,83,40,3.44,MY,2022-11-14 05:30:04
655,Uzhur,55.3036,89.8339,35.98,overcast clouds,57,100,14.29,RU,2022-11-14 05:30:43
656,Kologriv,58.8275,44.3178,26.47,overcast clouds,67,97,13.96,RU,2022-11-14 05:33:24
657,Banepa,27.6298,85.5214,62.92,few clouds,63,20,2.3,NP,2022-11-14 05:29:26
658,Cleburne,32.3476,-97.3867,46.13,clear sky,65,0,9.22,US,2022-11-14 05:33:25
659,Bambanglipuro,-7.95,110.2833,83.57,overcast clouds,76,99,8.93,ID,2022-11-14 05:33:25
660,Saint-Denis,48.9167,2.3333,44.76,mist,98,100,4.61,FR,2022-11-14 05:33:26
661,Palmer,42.1584,-72.3287,38.5,few clouds,64,20,10.36,US,2022-11-14 05:33:27
662,Arman,59.7,150.1667,3.02,overcast clouds,91,92,7.78,RU,2022-11-14 05:33:27
663,Saint-Paul,-21.0096,55.2707,79.36,light rain,79,31,5.46,RE,2022-11-14 05:33:27
664,Ambulu,-8.345,113.6058,84.0,overcast clouds,78,100,5.68,ID,2022-11-14 05:33:28
665,Krasnoselkup,65.7,82.4667,-10.03,few clouds,82,21,9.6,RU,2022-11-14 05:33:29
666,Wajir,1.7471,40.0573,81.27,scattered clouds,63,31,10.45,KE,2022-11-14 05:33:29
667,Bac Lieu,9.285,105.7244,84.47,light rain,73,80,17.63,VN,2022-11-14 05:33:30
668,Bongandanga,1.5,21.05,73.24,broken clouds,79,58,2.3,CD,2022-11-14 05:33:30
669,Neiafu,-18.65,-173.9833,79.48,scattered clouds,89,40,11.5,TO,2022-11-14 05:33:31
670,Fengzhen,40.4394,113.1536,40.46,clear sky,32,0,17.78,CN,2022-11-14 05:33:32
671,Kanelovskaya,46.5908,39.19,44.37,scattered clouds,74,32,8.3,RU,2022-11-14 05:33:33
672,Urucui,-7.2294,-44.5561,78.37,broken clouds,70,58,1.99,BR,2022-11-14 05:33:33
673,Broken Hill,-31.95,141.4333,64.18,overcast clouds,49,98,22.5,AU,2022-11-14 05:31:26
674,Cam Ranh,11.9214,109.1591,85.96,few clouds,74,20,14.97,VN,2022-11-14 05:33:34
675,Boa Vista,2.8197,-60.6733,78.78,clear sky,83,0,4.61,BR,2022-11-14 05:33:34
676,Vao,-22.6667,167.4833,74.14,few clouds,80,20,15.08,NC,2022-11-14 05:33:36
677,Carbonia,39.1672,8.5222,48.85,overcast clouds,81,96,2.04,IT,2022-11-14 05:33:25
678,The Valley,18.217,-63.0578,81.1,few clouds,78,13,19.04,AI,2022-11-14 05:33:37
679,Shieli,44.1667,66.75,46.13,overcast clouds,81,100,26.91,KZ,2022-11-14 05:33:37
680,Djambala,-2.5447,14.7533,66.27,heavy intensity rain,99,100,0.04,CG,2022-11-14 05:33:38
681,Kiama,-34.6833,150.8667,78.39,clear sky,47,10,20.0,AU,2022-11-14 05:33:38
682,Aqtobe,50.2797,57.2072,37.49,overcast clouds,87,100,20.13,KZ,2022-11-14 05:33:39
683,Buraydah,26.326,43.975,66.65,clear sky,27,4,7.49,SA,2022-11-14 05:33:39
684,Damietta,31.4165,31.8133,71.49,clear sky,55,0,13.56,EG,2022-11-14 05:33:39
685,Dzilam Gonzalez,21.2833,-88.9333,71.08,clear sky,92,0,4.23,MX,2022-11-14 05:34:40
686,Wloszczowa,50.8526,19.9659,42.19,scattered clouds,95,36,6.24,PL,2022-11-14 05:34:40
687,Vytegra,61.0064,36.4481,33.51,few clouds,71,19,9.66,RU,2022-11-14 05:34:41
688,Killybegs,54.6333,-8.45,49.64,moderate rain,88,100,7.09,IE,2022-11-14 05:34:41
689,Tombouctou,20.0,-3.0,71.13,broken clouds,20,53,8.48,ML,2022-11-14 05:34:42
690,Siruguppa,15.6333,76.9,83.19,scattered clouds,56,34,9.95,IN,2022-11-14 05:34:42
691,Kjollefjord,70.9457,27.3465,35.65,clear sky,93,0,9.22,NO,2022-11-14 05:34:43
692,Jian,27.1172,114.9793,69.8,light rain,49,88,9.26,CN,2022-11-14 05:31:12
